state,district,Risk_Index,Cluster,Risk_Level,Risk_Rank,PC1,PC2,Approval Rate,Pending Claims Rate,Avg Processing Time,Forest Loss Rate,Tribal Pop. Coverage,CFR Recognition Rate,Rejection Rate,Encroachment Density
Chhattisgarh,Kondagaon,77.28,1,Critical,1,2.6435785894799912,2.245732730493968,0.4286,0.4302,117.9,2.12,0.0355,0.1502,0.1412,0.3547
Meghalaya,West Garo Hills,76.55,1,Critical,2,4.0845315832735825,2.5896130635282226,0.3622,0.436,128.1,1.16,0.0308,0.4458,0.2018,0.3314
Uttarakhand,Chamoli,72.22,1,Critical,3,3.8284137160516347,1.0280255928814517,0.4041,0.45,133.9,0.38,0.0745,0.2542,0.1459,0.1354
Tripura,Dhalai,72.08,1,Critical,4,2.6770588274672136,1.2859274976368797,0.4505,0.4186,126.7,1.67,0.0587,0.2625,0.1309,0.3914
Gujarat,Dahod,70.79,1,Critical,5,4.249591903761917,1.699148914835846,0.3474,0.45,130.1,0.2,0.0723,0.4804,0.2026,0.1272
Meghalaya,East Garo Hills,69.95,1,Critical,6,3.4681880559131835,0.5072205087127919,0.4563,0.45,128.9,0.37,0.0546,0.2829,0.0937,0.208
Odisha,Rayagada,69.83,1,Critical,7,2.8066940964127833,2.959114816215808,0.3666,0.3894,119.0,1.4,0.0687,0.371,0.244,0.2142
Maharashtra,Chandrapur,69.82,1,Critical,8,3.6084411532827976,1.2212324203204399,0.4279,0.45,121.7,0.2,0.0422,0.3351,0.1221,0.1269
Telangana,Adilabad,69.49,1,Critical,9,3.4240073568825573,1.145881343934355,0.4093,0.45,124.0,0.93,0.0553,0.4949,0.1407,0.1307
Tripura,Dhalai,69.33,1,Critical,10,3.262700873416155,-0.2255141133693331,0.5066,0.4498,129.5,0.2,0.0494,0.1987,0.0436,0.4732
Rajasthan,Banswara,69.13,1,Critical,11,4.0408743163481535,0.7326733900818475,0.4131,0.45,131.5,0.2,0.0553,0.5224,0.1369,0.4024
Chhattisgarh,Dantewada,69.08,1,Critical,12,1.6630537938199788,0.9478099844680276,0.4716,0.435,112.7,2.9,0.0497,0.4818,0.0934,0.1808
Himachal Pradesh,Lahaul and Spiti,68.73,1,Critical,13,2.952274041802214,0.6760528214733457,0.463,0.45,120.7,1.02,0.0434,0.3946,0.087,0.1075
Odisha,Koraput,68.32,1,Critical,14,2.9636957395737915,0.5287140984264472,0.485,0.45,118.4,0.43,0.0393,0.2473,0.065,0.1581
Kerala,Idukki,68.04,1,Critical,15,2.9988709471962625,1.618181298675673,0.3905,0.4385,115.5,1.87,0.0438,0.7832,0.171,0.3957
Uttarakhand,Chamoli,67.66,1,Critical,16,2.2788766424506273,1.9920134404904395,0.4389,0.3942,111.2,1.04,0.0587,0.2362,0.167,0.6142
Telangana,Komaram Bheem,67.5,1,Critical,17,2.2255239752122575,1.3255814745225265,0.45,0.4168,114.7,1.51,0.0613,0.3426,0.1333,0.3333
Odisha,Mayurbhanj,67.11,1,Critical,18,1.3067105482027532,0.34772265162755944,0.5132,0.4123,120.2,3.35,0.0531,0.568,0.0745,0.3762
Jharkhand,Simdega,65.61,1,Critical,19,1.5807509632393681,2.720328239849949,0.4299,0.3794,103.5,2.02,0.0497,0.3922,0.1907,0.1346
Uttarakhand,Pithoragarh,65.5,1,Critical,20,3.045508092348389,0.2163513713695734,0.434,0.4335,120.8,0.3,0.088,0.4203,0.1325,1.1159
Rajasthan,Udaipur,65.49,1,Critical,21,2.266834840816618,1.1185159128123914,0.4766,0.4044,120.3,1.43,0.0512,0.4167,0.119,0.1038
Madhya Pradesh,Dindori,65.36,1,Critical,22,2.439814124635485,1.7254842941041142,0.4181,0.3982,119.6,1.85,0.0607,0.6427,0.1837,0.2621
Madhya Pradesh,Dindori,65.19,1,Critical,23,2.7856869073532504,0.1978829482748582,0.4884,0.4373,119.6,0.2,0.0599,0.2665,0.0744,0.3132
Assam,Kokrajhar,64.97,1,Critical,24,0.8399683649601501,2.437928658999357,0.4681,0.364,103.7,2.95,0.0486,0.425,0.1679,0.2021
Jharkhand,Simdega,64.69,1,Critical,25,3.570463147857091,0.04169860488565566,0.4287,0.4499,131.4,1.41,0.0488,1.0,0.1213,0.447
Maharashtra,Nandurbar,64.53,1,Critical,26,1.2095217965465996,1.3096906709031437,0.5067,0.3789,114.8,2.51,0.0511,0.4047,0.1144,0.1366
Chhattisgarh,Kondagaon,64.5,1,Critical,27,0.8054742380112947,2.51965021568632,0.4824,0.3576,103.2,2.76,0.0407,0.3769,0.1599,0.1042
Madhya Pradesh,Jhabua,64.47,1,Critical,28,1.5148061329255853,1.6259101195476426,0.4624,0.3837,115.6,3.04,0.0466,0.7212,0.154,0.2
Uttarakhand,Pithoragarh,64.32,1,Critical,29,3.0676628789948017,-0.6117326309298932,0.4671,0.45,127.1,1.34,0.0597,0.8305,0.0829,0.9096
Chhattisgarh,Sukma,64.22,1,Critical,30,2.6730286717833267,0.722575686574494,0.4563,0.4192,122.2,1.41,0.052,0.6688,0.1245,0.3038
Maharashtra,Gadchiroli,64.17,1,Critical,31,2.390901120345384,-0.5545872449175057,0.4579,0.4416,126.6,2.05,0.0902,0.7459,0.1005,0.773
Gujarat,The Dangs,63.91,1,Critical,32,-0.30878608142188424,2.7683403884303206,0.5338,0.3043,101.0,3.53,0.0427,0.2262,0.1619,0.5902
Odisha,Koraput,63.78,1,Critical,33,3.637874469850697,0.5785779136123781,0.3825,0.45,128.4,0.9,0.0758,0.8791,0.1675,0.1423
Madhya Pradesh,Mandla,63.53,1,Critical,34,2.418008795254861,0.3205122059536601,0.4223,0.45,118.0,2.57,0.064,1.0,0.1277,0.2834
Uttarakhand,Almora,63.27,1,Critical,35,0.9866614784964649,0.1939482028824686,0.5572,0.4005,113.7,2.32,0.051,0.3339,0.0423,0.1536
Maharashtra,Gadchiroli,63.11,1,Critical,36,-0.7679373223566112,2.7957192708949083,0.5399,0.3073,97.5,3.96,0.0469,0.2067,0.1528,0.236
Madhya Pradesh,Balaghat,63.09,1,Critical,37,0.17999905116668816,1.6938809041982017,0.5543,0.339,103.9,2.69,0.0447,0.1928,0.1067,0.5359
Madhya Pradesh,Mandla,63.09,1,Critical,38,2.425530342553752,0.30078472893784214,0.4869,0.4345,113.8,0.77,0.0521,0.4602,0.0786,0.2709
Maharashtra,Chandrapur,63.04,1,Critical,39,2.34721794657704,0.9732206721113189,0.4356,0.4077,119.8,2.52,0.0481,1.0,0.1566,0.5387
Madhya Pradesh,Balaghat,62.78,1,Critical,40,0.7197923331252584,1.8447607001789301,0.5156,0.3698,100.0,2.13,0.0428,0.2533,0.1146,0.144
Tripura,Dhalai,62.67,1,Critical,41,3.372224571047117,-0.04624256149125861,0.4475,0.45,125.5,0.2,0.0666,0.6258,0.1025,0.1823
Nagaland,Tuensang,62.66,1,Critical,42,0.7812242750371439,0.5898485439984397,0.4991,0.4077,108.8,3.2,0.068,0.5831,0.0932,0.147
Meghalaya,West Garo Hills,62.6,1,Critical,43,2.6369135728271482,-0.2409965534578115,0.5338,0.4248,124.0,0.2,0.047,0.3319,0.0414,0.122
Odisha,Malkangiri,62.6,1,Critical,44,3.703737560045719,0.3780894209110333,0.3937,0.45,127.2,0.87,0.0636,1.0,0.1563,0.3257
Rajasthan,Banswara,62.4,1,Critical,45,2.240200939304098,0.8257775175124077,0.4342,0.4322,112.3,1.73,0.0646,0.7232,0.1336,0.1179
Nagaland,Tuensang,62.13,1,Critical,46,2.8826721412656635,-0.022838928075980144,0.4605,0.4422,126.2,1.83,0.0437,1.0,0.0973,0.0886
Maharashtra,Nandurbar,61.82,1,Critical,47,2.0868900527598497,1.493116392871215,0.4583,0.3816,115.2,1.15,0.0617,0.4901,0.1601,0.2727
Himachal Pradesh,Kinnaur,61.73,1,Critical,48,1.6969431341793648,1.132782901898787,0.4576,0.3948,116.0,2.6,0.0577,0.8042,0.1476,0.1624
Assam,Dima Hasao,61.66,1,Critical,49,-0.028150815494727813,1.7689993057286786,0.5363,0.3463,98.3,2.52,0.0624,0.131,0.1175,0.3532
Madhya Pradesh,Dindori,61.65,1,Critical,50,-0.36195192038034296,1.844148098495894,0.5495,0.3274,105.8,3.64,0.056,0.3078,0.1231,0.1176
Odisha,Koraput,61.21,1,Critical,51,1.26395983406267,1.6072268886449597,0.4804,0.3703,111.1,2.44,0.0513,0.6204,0.1494,0.1341
Jharkhand,Gumla,61.0,1,Critical,52,2.540616967799979,0.9598360234792749,0.4696,0.41,114.5,0.66,0.0444,0.5849,0.1205,0.115
Uttarakhand,Chamoli,60.98,1,Critical,53,3.035258145871516,-0.2310457058198828,0.4453,0.45,123.2,1.35,0.0564,1.0,0.1047,0.3593
Odisha,Kandhamal,60.74,1,Critical,54,2.7114746162267997,1.9818968507180073,0.4017,0.382,117.0,0.44,0.076,0.5535,0.2163,0.1435
Arunachal Pradesh,Changlang,60.67,1,Critical,55,3.8715296138969113,0.2903130731730411,0.3795,0.45,128.1,0.2,0.0828,0.9341,0.1705,0.2203
Tripura,Dhalai,60.45,1,Critical,56,-0.04653552246762109,1.2786801953773577,0.5465,0.3465,106.0,3.24,0.0596,0.3912,0.107,0.2457
Nagaland,Tuensang,60.29,1,Critical,57,1.108129379425573,0.16373472242313303,0.4943,0.4161,107.7,2.78,0.0656,0.7585,0.0895,0.4458
Himachal Pradesh,Lahaul and Spiti,60.25,1,Critical,58,1.7149441980804452,0.9235911775630125,0.4712,0.3999,112.3,1.94,0.0584,0.6981,0.1289,0.1333
Rajasthan,Banswara,60.25,1,Critical,59,3.2839698583734416,0.18398651768766167,0.4227,0.45,119.2,0.84,0.0536,1.0,0.1273,0.3179
Jharkhand,Khunti,60.18,1,Critical,60,2.624722019169981,-0.6844337637396332,0.4535,0.4496,117.3,0.86,0.089,0.7475,0.0969,0.8838
Assam,Dima Hasao,60.12,1,Critical,61,0.7512634661116618,0.331834399276349,0.5212,0.3863,114.6,3.08,0.0688,0.654,0.0925,0.2088
Odisha,Mayurbhanj,59.93,1,Critical,62,1.1220583264664579,0.6295217199228729,0.5154,0.3933,107.3,1.52,0.07,0.3398,0.0912,0.1815
Chhattisgarh,Kondagaon,59.87,1,Critical,63,3.845051251371134,0.5894638822548077,0.3772,0.45,123.1,0.2,0.0682,1.0,0.1728,0.1024
Gujarat,Dahod,59.82,1,Critical,64,-0.10123371031416901,-0.5860033062511659,0.5894,0.4011,107.6,3.25,0.0719,0.3978,0.0095,0.2022
Jharkhand,Latehar,59.72,1,Critical,65,2.8437271216894566,-0.6894920269752577,0.4884,0.45,121.7,1.29,0.0412,1.0,0.0616,0.408
Assam,Kokrajhar,59.68,1,Critical,66,-0.23976425418428093,1.8092033241270373,0.5754,0.3179,103.0,2.64,0.0464,0.1708,0.1066,0.1607
Arunachal Pradesh,Longding,59.66,1,Critical,67,1.4199359087300238,-1.2571424240511446,0.5238,0.4381,120.6,1.89,0.1016,0.5273,0.0381,0.2727
Rajasthan,Udaipur,59.58,1,Critical,68,1.1182996790143347,0.07220183370032607,0.5308,0.3905,114.8,1.76,0.0783,0.4027,0.0787,0.3012
Chhattisgarh,Kondagaon,59.57,1,Critical,69,-0.4262122394115514,0.6413086143342193,0.5749,0.3596,104.4,3.58,0.0621,0.3956,0.0655,0.1531
Kerala,Idukki,59.56,1,Critical,70,2.479959024491042,-1.382625244837711,0.5294,0.45,126.5,1.19,0.0596,0.7669,0.0207,0.25
Gujarat,Dahod,59.27,1,Critical,71,0.99202089002863,-0.4416687131406884,0.5453,0.4212,108.8,1.92,0.0692,0.4533,0.0335,0.1413
Rajasthan,Banswara,59.23,1,Critical,72,3.7154988894579746,-0.13739406877831256,0.4215,0.45,125.3,0.2,0.0611,1.0,0.1285,0.3689
Arunachal Pradesh,Longding,59.22,1,Critical,73,1.4467550670255935,2.2222190042901935,0.4659,0.3532,106.2,1.68,0.0451,0.5943,0.1809,0.1667
Nagaland,Mon,59.05,1,Critical,74,2.423792248464287,0.10233116006014929,0.4372,0.4273,122.7,1.91,0.0765,1.0,0.1355,0.1245
Jharkhand,Simdega,59.03,1,Critical,75,0.02717676742483534,2.1015647661523675,0.5286,0.3305,99.0,2.36,0.0586,0.2369,0.1409,0.1048
Maharashtra,Gadchiroli,58.82,1,Critical,76,2.2959122641959993,-0.054845081214204144,0.4911,0.4282,116.3,1.43,0.0449,0.8647,0.0807,0.1598
Meghalaya,East Garo Hills,58.8,1,Critical,77,2.8649608085434677,-0.4701412648995479,0.4814,0.4265,124.2,1.11,0.0496,1.0,0.0921,0.679
Nagaland,Tuensang,58.77,1,Critical,78,2.2291765904529797,-0.6532081671635546,0.5152,0.4198,125.6,1.0,0.0737,0.6215,0.065,0.1576
Gujarat,The Dangs,58.71,1,Critical,79,1.4796315857603553,-0.7123488947509226,0.5213,0.4169,119.5,1.99,0.0811,0.6698,0.0618,0.3529
Chhattisgarh,Sukma,58.64,1,Critical,80,0.9699116652165902,0.37547229428561113,0.5328,0.3737,116.4,2.25,0.0678,0.5476,0.0935,0.1758
Maharashtra,Gadchiroli,58.61,1,Critical,81,1.6183931313000628,2.347051739998644,0.4585,0.3452,108.8,1.36,0.0498,0.5763,0.1963,0.1253
Jharkhand,Latehar,58.34,1,Critical,82,1.4941420231160414,1.1534265248755236,0.4551,0.3862,108.5,1.94,0.0709,0.736,0.1588,0.3147
Madhya Pradesh,Jhabua,58.3,1,Critical,83,3.368016343342755,1.5098905383170655,0.408,0.3957,120.3,0.42,0.0407,1.0,0.1963,0.2015
Jharkhand,Khunti,58.27,1,Critical,84,0.47944240238964797,0.11180051217616277,0.5404,0.3755,112.9,2.16,0.0954,0.3227,0.0841,0.2017
Gujarat,Narmada,58.27,1,Critical,85,1.4307443961164548,-1.19906657533443,0.55,0.3981,121.0,1.61,0.0867,0.6,0.052,1.2214
Himachal Pradesh,Kinnaur,58.12,1,Critical,86,-0.08931505283271564,1.9942933560043432,0.5437,0.3148,98.9,2.66,0.0475,0.3853,0.1415,0.5688
Madhya Pradesh,Jhabua,58.04,1,Critical,87,0.037123599667351764,-0.34438448688270923,0.5834,0.381,110.3,2.55,0.0838,0.2982,0.0356,0.1478
Kerala,Wayanad,57.79,0,Moderate,88,1.0403704258883906,0.605285267418027,0.5034,0.3741,113.3,3.19,0.049,1.0,0.1225,0.5
Assam,Dima Hasao,57.75,0,Moderate,89,3.6715218782405614,-0.43008295637756233,0.4148,0.45,130.8,0.2,0.0841,1.0,0.1353,0.102
Chhattisgarh,Dantewada,57.67,0,Moderate,90,2.6633846618349715,-0.43523420077137515,0.4739,0.4455,116.2,0.32,0.0712,0.6993,0.0806,0.1364
Meghalaya,East Garo Hills,57.65,0,Moderate,91,1.5053244615280068,-0.5793626752319662,0.5743,0.4031,116.1,0.85,0.0559,0.3887,0.0226,0.147
Maharashtra,Gadchiroli,57.5,0,Moderate,92,2.2040387400123347,-0.3906316147559811,0.4537,0.4305,120.4,1.85,0.0838,1.0,0.1158,0.3321
Chhattisgarh,Narayanpur,57.45,0,Moderate,93,1.5434948331749865,0.3001610039776915,0.5023,0.4058,107.5,1.2,0.0651,0.5736,0.092,0.2324
Uttarakhand,Pithoragarh,57.23,0,Moderate,94,-0.40355801720438034,1.6216627091203974,0.5622,0.3199,102.2,3.29,0.0488,0.4664,0.1179,0.166
Arunachal Pradesh,Tirap,57.21,0,Moderate,95,2.9273326097396306,-0.8006282280827477,0.5031,0.45,119.3,0.2,0.0467,0.8084,0.0469,0.1197
Chhattisgarh,Bastar,57.19,0,Moderate,96,0.0754471062276766,1.0827744984394432,0.552,0.3414,105.5,2.44,0.0671,0.3627,0.1066,0.1777
Madhya Pradesh,Balaghat,57.17,0,Moderate,97,3.4487887548404825,0.23092908679127627,0.411,0.4351,122.3,0.2,0.0696,1.0,0.1538,0.2037
Arunachal Pradesh,Changlang,57.17,0,Moderate,98,1.1914214590440408,-0.3478939077232157,0.5244,0.4149,107.8,1.84,0.068,0.6613,0.0607,0.3782
Jharkhand,Khunti,57.07,0,Moderate,99,2.598676465884837,-1.111131350533897,0.5207,0.45,120.5,0.98,0.0421,0.9369,0.0294,0.1549
Telangana,Adilabad,57.03,0,Moderate,100,1.5239429203081125,-0.7537674125672634,0.4713,0.4365,118.2,2.68,0.0948,1.0,0.0922,0.1476
Himachal Pradesh,Lahaul and Spiti,57.01,0,Moderate,101,-1.1519976114605148,1.1663347442610117,0.5599,0.3309,93.3,3.67,0.0833,0.3291,0.1092,0.5726
Uttarakhand,Pithoragarh,56.87,0,Moderate,102,1.9814252316887082,0.6864379495114623,0.4463,0.3974,116.2,1.72,0.0745,0.9077,0.1563,0.1405
Rajasthan,Banswara,56.77,0,Moderate,103,0.8141669217189957,1.412212575689969,0.537,0.3432,106.1,1.35,0.0527,0.347,0.1198,0.0929
Jharkhand,Gumla,56.65,0,Moderate,104,1.1169797856186245,0.09723594634416445,0.5204,0.3963,109.7,1.74,0.0716,0.592,0.0833,0.1418
Maharashtra,Nandurbar,56.6,0,Moderate,105,1.4194877944540387,-0.5496654973566167,0.534,0.3936,115.0,1.78,0.0657,0.7755,0.0725,0.8929
Arunachal Pradesh,Longding,56.55,0,Moderate,106,1.2222205483152633,0.7613427341479512,0.5117,0.3852,104.6,1.65,0.0489,0.6617,0.103,0.1907
Gujarat,Dahod,56.54,0,Moderate,107,1.7230789764403855,-1.41292787295595,0.5362,0.4365,123.3,2.32,0.0628,1.0,0.0273,0.1248
Rajasthan,Udaipur,56.47,0,Moderate,108,2.440661572765274,-0.5193983106234958,0.4521,0.425,127.7,1.55,0.0929,1.0,0.123,0.1003
Uttarakhand,Almora,56.35,0,Moderate,109,2.6020439501635537,-1.4635810582215079,0.4916,0.4499,121.8,1.02,0.075,1.0,0.0585,0.7187
Telangana,Komaram Bheem,56.28,0,Moderate,110,1.9739961612399977,-0.2825581096989024,0.4747,0.409,116.7,1.76,0.0737,1.0,0.1163,0.7366
Jharkhand,Simdega,56.22,0,Moderate,111,1.3119269864477492,-0.022685298744388953,0.507,0.4004,114.1,2.22,0.0668,0.8423,0.0926,0.1065
Arunachal Pradesh,Changlang,56.03,0,Moderate,112,1.9364297784710889,2.6251363712875206,0.4391,0.3512,99.4,0.2,0.047,0.5339,0.2097,0.1527
Jharkhand,Latehar,55.94,0,Moderate,113,1.4508347838999498,-1.4149120926155672,0.5532,0.4411,113.8,1.69,0.0647,0.7593,0.0058,0.1663
Jharkhand,Khunti,55.89,0,Moderate,114,1.723949894639882,-1.6484755915298186,0.5141,0.45,121.5,1.89,0.0931,0.8773,0.0359,0.1117
Gujarat,Dahod,55.76,0,Moderate,115,2.317519574755451,0.6828559356815865,0.4889,0.3803,119.2,0.69,0.05,0.7781,0.1308,0.0951
Odisha,Rayagada,55.71,0,Moderate,116,3.318327754466327,-1.359727705432886,0.4969,0.45,130.6,0.2,0.0583,1.0,0.0531,0.1278
Odisha,Nabarangpur,55.69,0,Moderate,117,1.783193571622996,2.1534199014720534,0.4664,0.3402,108.8,0.67,0.0509,0.5886,0.1934,0.0995
Arunachal Pradesh,Changlang,55.69,0,Moderate,118,0.8761493923438247,1.6880122489922305,0.4812,0.3538,101.8,2.34,0.0503,0.8058,0.1649,0.2634
Arunachal Pradesh,Tirap,55.65,0,Moderate,119,-0.18653257897162726,0.6333673776393197,0.5339,0.355,98.8,3.25,0.0723,0.6884,0.1111,0.7674
Nagaland,Mon,55.6,0,Moderate,120,2.1535603659118423,1.3462568435123456,0.4483,0.383,110.7,1.39,0.0425,1.0,0.1686,0.1032
Maharashtra,Chandrapur,55.54,0,Moderate,121,2.17387279301565,0.5354180689928257,0.5005,0.3817,118.0,0.95,0.0437,0.8328,0.1178,0.1508
Madhya Pradesh,Alirajpur,55.44,0,Moderate,122,0.7445666465922328,0.13189091456649324,0.501,0.372,104.9,1.61,0.1056,0.52,0.127,1.0733
Maharashtra,Gadchiroli,55.41,0,Moderate,123,-0.9784648488130575,1.5778619215887326,0.5389,0.3208,97.0,3.47,0.0888,0.3703,0.1404,0.092
Odisha,Rayagada,55.25,0,Moderate,124,0.7654745305641464,-0.8495616334926378,0.5194,0.4028,119.8,2.98,0.1008,0.8593,0.0778,0.1146
Meghalaya,East Garo Hills,55.18,0,Moderate,125,-0.6760215589382612,1.22742080214188,0.5755,0.3207,97.3,2.73,0.0678,0.3068,0.1037,0.35
Telangana,Adilabad,55.15,0,Moderate,126,0.7840279101715026,0.5080550319938658,0.5455,0.3772,101.7,1.7,0.0471,0.5923,0.0773,0.2262
Odisha,Mayurbhanj,55.11,0,Moderate,127,1.0942643934910876,-1.273697598654401,0.5976,0.4245,110.1,1.21,0.0621,0.5342,0.0,0.3158
Madhya Pradesh,Alirajpur,55.11,0,Moderate,128,1.7725564231049251,-0.8775586772588264,0.5135,0.4182,122.3,2.02,0.0699,1.0,0.0683,0.1046
Uttarakhand,Pithoragarh,55.1,0,Moderate,129,2.7680561231739227,-0.7397236843755929,0.4511,0.4297,126.4,0.81,0.0927,1.0,0.1192,0.3061
Chhattisgarh,Narayanpur,55.08,0,Moderate,130,1.0442975967028627,3.304123732907466,0.446,0.3083,97.6,1.78,0.0377,0.753,0.2458,0.2866
Rajasthan,Banswara,55.01,0,Moderate,131,0.595864543035353,1.9650733972772514,0.507,0.3237,105.3,2.28,0.0493,0.6722,0.1693,0.1083
Rajasthan,Banswara,54.98,0,Moderate,132,0.7444503648302206,-0.24591464307013292,0.5141,0.4003,108.1,2.0,0.0962,0.604,0.0856,0.1424
Gujarat,Dahod,54.9,0,Moderate,133,-0.727612133825474,0.5926795427690796,0.5946,0.3397,98.5,2.63,0.0742,0.2452,0.0656,0.157
Odisha,Nabarangpur,54.9,0,Moderate,134,0.0860954482982297,0.9993191313624674,0.5444,0.3315,103.1,2.44,0.0668,0.5502,0.1241,0.6332
Jharkhand,Gumla,54.87,0,Moderate,135,2.1544769619509996,-1.1875330534547213,0.521,0.436,119.9,1.38,0.0577,1.0,0.0431,0.2029
Meghalaya,East Garo Hills,54.87,0,Moderate,136,2.558448157304223,-0.4559351869528097,0.4649,0.4213,123.5,0.99,0.0777,1.0,0.1138,0.1599
Madhya Pradesh,Jhabua,54.82,0,Moderate,137,-0.16205345604771781,-0.1372832185900729,0.6053,0.3608,100.6,1.67,0.0751,0.1887,0.0339,0.442
Himachal Pradesh,Kinnaur,54.77,0,Moderate,138,1.6783221075886094,-0.6749437053687818,0.4794,0.4273,116.7,2.04,0.087,1.0,0.0933,0.1174
Uttarakhand,Almora,54.76,0,Moderate,139,0.5681966492545589,0.9503912889669565,0.4899,0.3568,108.3,2.4,0.0901,0.6716,0.1533,0.1573
Chhattisgarh,Bastar,54.61,0,Moderate,140,0.33087788265451673,1.6870887861309771,0.5188,0.3209,104.9,2.14,0.0663,0.5295,0.1602,0.2172
Odisha,Koraput,54.57,0,Moderate,141,2.8528923599066767,-0.13745640420429406,0.4136,0.4458,113.3,0.41,0.0877,1.0,0.1406,0.2068
Madhya Pradesh,Dindori,54.56,0,Moderate,142,0.5907610694452877,0.35920976029043183,0.559,0.3266,106.9,1.78,0.0627,0.625,0.1143,1.5769
Odisha,Rayagada,54.54,0,Moderate,143,0.14559600678373014,1.3103734421813957,0.5468,0.3232,106.6,2.38,0.061,0.5266,0.1301,0.1545
Meghalaya,East Garo Hills,54.19,0,Moderate,144,1.4855004046470253,-0.2024108843388927,0.4907,0.4016,114.4,2.09,0.0737,1.0,0.1077,0.27
Jharkhand,Gumla,54.14,0,Moderate,145,-0.2500405606636663,2.2768212848862444,0.5082,0.3182,91.7,2.0,0.0772,0.3059,0.1737,0.0815
Chhattisgarh,Narayanpur,54.13,0,Moderate,146,1.2668757345820034,-0.15948229229215188,0.5243,0.3932,108.8,1.22,0.0729,0.6527,0.0825,0.3333
Telangana,Komaram Bheem,54.08,0,Moderate,147,0.7473205313740681,-1.0677440696959857,0.6382,0.4107,109.2,0.89,0.0623,0.3388,0.0,0.1261
Maharashtra,Nandurbar,53.98,0,Moderate,148,1.6966115889704139,-0.4831723964929709,0.481,0.4052,121.0,1.77,0.095,0.9335,0.1138,0.1357
Uttarakhand,Pithoragarh,53.89,0,Moderate,149,0.8912960704631094,2.099259259185367,0.4811,0.3444,96.6,1.71,0.0439,0.7278,0.1745,0.0968
Meghalaya,West Garo Hills,53.85,0,Moderate,150,-0.4562051609392663,1.9289640540510773,0.5637,0.2951,97.0,2.63,0.0472,0.4698,0.1412,0.4295
Jharkhand,Simdega,53.78,0,Moderate,151,0.7241761807774838,-0.004607457685623749,0.56,0.3647,111.8,1.75,0.0674,0.5906,0.0752,0.1837
Odisha,Koraput,53.7,0,Moderate,152,0.5713237653931674,-1.8711843814534803,0.5883,0.428,114.3,2.75,0.0796,0.8671,0.0,0.3083
Uttarakhand,Chamoli,53.68,0,Moderate,153,-0.848434460486798,2.1828782216644793,0.5766,0.2761,98.7,2.56,0.0618,0.2383,0.1473,0.1176
Kerala,Idukki,53.64,0,Moderate,154,-1.1454783010009855,1.5663610879401004,0.5827,0.3078,93.8,3.64,0.0509,0.5142,0.1095,0.1303
Rajasthan,Udaipur,53.64,0,Moderate,155,0.4152955778943909,-0.6302041684779252,0.5856,0.3872,105.8,1.22,0.0835,0.3035,0.0271,0.1133
Chhattisgarh,Bastar,53.63,0,Moderate,156,0.3038710376583559,-1.9107088508427092,0.5888,0.4396,112.0,3.45,0.078,1.0,0.0,0.1898
Odisha,Rayagada,53.61,0,Moderate,157,-0.3717628450628776,2.8325721397174406,0.5459,0.2744,94.2,2.07,0.0449,0.3307,0.1797,0.234
Kerala,Wayanad,53.61,0,Moderate,158,0.6268546266776992,-1.1571013110473705,0.5191,0.4088,112.9,2.63,0.1112,0.837,0.0721,0.5
Chhattisgarh,Sukma,53.56,0,Moderate,159,-0.4066771688346899,-0.05863682714571494,0.5891,0.3484,106.7,2.34,0.0939,0.3075,0.0625,0.1305
Nagaland,Mon,53.51,0,Moderate,160,1.5097608965261822,-0.6961666608673893,0.5156,0.406,118.3,1.74,0.0788,0.8985,0.0783,0.1008
Assam,Karbi Anglong,53.44,0,Moderate,161,2.7583088338690698,-1.0841830644023323,0.4876,0.433,121.4,0.35,0.0716,1.0,0.0793,0.4498
Uttarakhand,Almora,53.33,0,Moderate,162,-0.3029717599368122,0.26772294339084585,0.5141,0.3606,105.8,3.28,0.1126,0.6701,0.1253,0.1834
Himachal Pradesh,Kinnaur,53.12,0,Moderate,163,1.0682980629418315,0.013658837480132503,0.4627,0.4086,106.1,2.12,0.1,0.9006,0.1288,0.1214
Odisha,Nabarangpur,53.04,0,Moderate,164,1.2876432095569597,-1.327244796348667,0.5128,0.4172,120.7,1.85,0.1113,0.8308,0.07,0.1481
Arunachal Pradesh,Longding,53.03,0,Moderate,165,1.4423450704841723,0.17432967200037042,0.5516,0.3572,113.5,0.4,0.062,0.5067,0.0913,0.4053
Meghalaya,East Garo Hills,52.89,0,Moderate,166,1.8528591252197584,-1.8107417268139379,0.5004,0.436,116.4,1.3,0.1024,1.0,0.0636,1.0131
Chhattisgarh,Narayanpur,52.84,0,Moderate,167,0.5760710912325209,2.8007138642600165,0.4846,0.3021,98.2,1.7,0.0483,0.6306,0.2133,0.0781
Uttarakhand,Almora,52.81,0,Moderate,168,1.2619755936946333,1.179084729050395,0.4568,0.3583,110.3,2.12,0.0739,1.0,0.185,0.1756
Odisha,Nabarangpur,52.67,0,Moderate,169,0.6272404598017762,1.4891896696477385,0.4472,0.3482,97.5,2.36,0.0861,0.9116,0.2045,0.7735
Chhattisgarh,Kanker,52.52,0,Moderate,170,2.1499766259941424,-0.9787333328953332,0.4782,0.4368,116.5,1.02,0.0872,1.0,0.085,0.104
Assam,Dima Hasao,52.51,0,Moderate,171,1.0813803616290292,0.2762718559388819,0.4705,0.3959,105.8,2.24,0.0821,1.0,0.1336,0.1339
Odisha,Malkangiri,52.49,0,Moderate,172,2.528135412544408,-0.8847215535186637,0.4875,0.4372,116.8,0.48,0.0676,1.0,0.0754,0.0786
Maharashtra,Gadchiroli,52.36,0,Moderate,173,2.178825102791249,-0.011042759434012414,0.4524,0.393,114.7,0.81,0.088,1.0,0.1546,0.7293
Gujarat,Dahod,52.25,0,Moderate,174,-0.6078351373092457,0.566332146365008,0.5971,0.3302,97.1,1.77,0.0815,0.171,0.0727,0.1952
Odisha,Nabarangpur,52.24,0,Moderate,175,-0.8146471298083854,1.084673304791931,0.6026,0.3164,95.0,2.67,0.0501,0.4132,0.0809,0.109
Chhattisgarh,Narayanpur,52.22,0,Moderate,176,0.6079761641697584,-1.1747021318047077,0.5766,0.3747,112.4,1.41,0.0975,0.5472,0.0487,0.8994
Telangana,Adilabad,52.19,0,Moderate,177,1.664390403717691,-1.8156866132515734,0.4957,0.45,115.8,1.57,0.1077,1.0,0.0544,0.3467
Odisha,Kandhamal,52.18,0,Moderate,178,0.3695143215421433,0.4731813305847198,0.5283,0.3632,101.2,2.59,0.0596,0.8875,0.1084,0.375
Odisha,Nabarangpur,52.11,0,Moderate,179,-0.7676560605183445,1.3162010800302164,0.5689,0.2978,94.2,2.86,0.0639,0.5542,0.1333,0.9277
Gujarat,Narmada,52.04,0,Moderate,180,-0.4427599679783282,1.007918985582446,0.4869,0.3497,99.4,3.8,0.098,0.8989,0.1634,0.1185
Chhattisgarh,Dantewada,51.98,0,Moderate,181,-0.07379569268784184,0.5447461824609466,0.5688,0.3476,101.2,2.65,0.0523,0.7114,0.0836,0.0882
Maharashtra,Chandrapur,51.94,0,Moderate,182,-2.0831331317700608,3.538318873398759,0.5785,0.2331,80.3,3.37,0.0509,0.1799,0.1884,0.1799
Madhya Pradesh,Mandla,51.91,0,Moderate,183,-0.951827827580447,2.001719618644308,0.5343,0.2961,92.8,3.32,0.0718,0.591,0.1696,0.3099
Madhya Pradesh,Balaghat,51.8,0,Moderate,184,0.7836402203486436,0.7987238677970485,0.4961,0.364,100.7,1.55,0.0777,0.7211,0.1398,0.2972
Maharashtra,Nandurbar,51.74,0,Moderate,185,1.384888901290559,-1.360007595466936,0.6039,0.3907,120.2,1.04,0.0508,0.7413,0.0054,0.1912
Kerala,Wayanad,51.67,0,Moderate,186,0.6388679718024889,0.48459626209374035,0.574,0.3422,106.3,0.99,0.0573,0.4571,0.0838,0.1462
Arunachal Pradesh,Changlang,51.65,0,Moderate,187,0.17426634380018938,0.6269787103796398,0.5393,0.3586,97.6,2.55,0.0532,0.8384,0.1021,0.2842
Madhya Pradesh,Jhabua,51.65,0,Moderate,188,1.721741941744288,0.13164483055887538,0.4551,0.3747,108.0,1.06,0.0931,1.0,0.1702,1.3243
Assam,Karbi Anglong,51.64,0,Moderate,189,-1.5066976753581718,1.821488839619603,0.5197,0.3033,86.6,3.56,0.1058,0.4601,0.1769,0.4665
Jharkhand,Gumla,51.64,0,Moderate,190,1.373162430593075,-1.2127038039490956,0.5426,0.4065,117.6,1.81,0.0716,1.0,0.0509,0.2735
Uttarakhand,Almora,51.63,0,Moderate,191,1.6290889637279269,0.21709902360380087,0.4958,0.3825,111.9,1.4,0.0602,1.0,0.1217,0.1735
Maharashtra,Chandrapur,51.52,0,Moderate,192,-0.5507202679457208,0.7132558617011908,0.5994,0.3286,96.2,2.08,0.0608,0.3599,0.072,0.1136
Odisha,Malkangiri,51.39,0,Moderate,193,1.1325667630388767,0.10315171897216074,0.4978,0.3929,105.2,1.92,0.0661,1.0,0.1092,0.1267
Arunachal Pradesh,Changlang,51.32,0,Moderate,194,0.7079094737546638,1.7420933113269326,0.5,0.3304,100.6,1.98,0.0454,0.8734,0.1696,0.1427
Uttarakhand,Chamoli,51.25,0,Moderate,195,1.0877335841026146,-0.296670508050293,0.5126,0.3909,110.9,2.06,0.0734,1.0,0.0965,0.1209
Jharkhand,Simdega,51.22,0,Moderate,196,1.674638642900255,-1.6153958428594228,0.5321,0.4312,117.1,1.29,0.0813,0.9698,0.0367,0.1511
Chhattisgarh,Bastar,51.21,0,Moderate,197,1.0062730300155278,0.4445757688366897,0.4956,0.3671,109.4,1.77,0.0811,0.8642,0.1374,0.0959
Madhya Pradesh,Jhabua,51.13,0,Moderate,198,0.08814069462352961,1.519469863860864,0.5123,0.3299,97.2,2.15,0.07,0.6661,0.1578,0.1102
Himachal Pradesh,Kinnaur,51.07,0,Moderate,199,0.552404588369914,-2.064563571583224,0.5828,0.4361,112.2,2.71,0.0828,1.0,0.0,0.1295
Odisha,Malkangiri,50.81,0,Moderate,200,0.13465885551174583,-2.1000334790382276,0.5966,0.3914,111.9,1.65,0.1237,0.4876,0.012,0.8756
Assam,Karbi Anglong,50.8,0,Moderate,201,-0.5117478549868977,2.337845952592827,0.4559,0.2991,100.3,4.0,0.0925,1.0,0.245,0.1114
Jharkhand,Latehar,50.76,0,Moderate,202,2.1021539790733863,-1.840515511678662,0.4943,0.45,117.6,0.78,0.1029,1.0,0.0557,0.2587
Odisha,Kandhamal,50.7,0,Moderate,203,0.8881175333929097,-0.09690597948623962,0.5377,0.3737,106.2,2.03,0.0531,1.0,0.0886,0.4204
Chhattisgarh,Kondagaon,50.63,0,Moderate,204,-1.6278444335276716,2.98317804311418,0.5482,0.253,86.2,3.04,0.076,0.2897,0.1988,0.1212
Rajasthan,Udaipur,50.56,0,Moderate,205,2.11292012703236,-2.364784429992915,0.5483,0.45,122.2,0.76,0.0791,1.0,0.0017,0.1195
Himachal Pradesh,Lahaul and Spiti,50.54,0,Moderate,206,-1.7662641532333871,0.766897029309312,0.6203,0.2934,96.4,3.16,0.0933,0.2198,0.0863,0.1463
Chhattisgarh,Narayanpur,50.5,0,Moderate,207,-1.0128722203624196,1.4193344843496274,0.5818,0.3038,90.6,2.66,0.0617,0.4467,0.1145,0.2365
Gujarat,Narmada,50.48,0,Moderate,208,1.6487281122116233,0.04625277133092779,0.492,0.385,112.3,1.21,0.0698,1.0,0.1229,0.127
Madhya Pradesh,Mandla,50.46,0,Moderate,209,1.1887270237611118,-0.4999585547563491,0.5177,0.3933,109.8,1.73,0.073,1.0,0.089,0.2883
Chhattisgarh,Bastar,50.42,0,Moderate,210,0.012744699172001741,0.3823781720210103,0.5668,0.3337,105.4,1.96,0.077,0.5747,0.0995,0.2058
Gujarat,Dahod,50.39,0,Moderate,211,2.1747664736789876,-1.5392447900683526,0.5205,0.4347,117.8,0.58,0.075,1.0,0.0447,0.13
Rajasthan,Udaipur,50.38,0,Moderate,212,2.2038523309612312,-2.5665001141154655,0.5721,0.4499,124.6,0.56,0.0766,1.0,0.0,0.3445
Madhya Pradesh,Alirajpur,50.32,0,Moderate,213,0.5022979042104325,-1.384970680317142,0.564,0.3985,112.2,2.64,0.0807,1.0,0.0375,0.2946
Uttarakhand,Almora,50.25,0,Moderate,214,0.128232086885542,0.47348544157254135,0.5966,0.3259,103.3,1.5,0.0514,0.5211,0.0775,0.284
Gujarat,Narmada,50.21,0,Moderate,215,-0.012970616389837193,2.0779156668650325,0.4843,0.3201,92.0,1.91,0.0818,0.6088,0.1956,0.0935
Nagaland,Tuensang,50.04,0,Moderate,216,-0.6511505163375605,-1.1009631587259363,0.6202,0.3465,111.4,2.01,0.1214,0.2609,0.0333,0.2146
Odisha,Kandhamal,49.99,0,Moderate,217,-0.4509720337109878,1.2790873078723384,0.5363,0.307,104.4,3.55,0.0661,0.9335,0.1566,0.1265
Jharkhand,West Singhbhum,49.85,0,Moderate,218,-1.2549095367790428,2.586897973216613,0.575,0.2742,81.1,1.9,0.058,0.1618,0.1508,0.0844
Jharkhand,West Singhbhum,49.83,0,Moderate,219,0.2778373206531442,0.22346305992220425,0.5514,0.357,101.9,2.02,0.0655,0.7725,0.0916,0.1557
Madhya Pradesh,Alirajpur,49.83,0,Moderate,220,0.2514499225736313,-1.4451357819906443,0.5285,0.4174,107.6,2.92,0.1095,1.0,0.0541,0.1231
Uttarakhand,Almora,49.76,0,Moderate,221,-0.14553472194136766,0.3072952480728927,0.5419,0.3509,102.7,3.26,0.067,1.0,0.1073,0.1451
Meghalaya,West Garo Hills,49.73,0,Moderate,222,2.366279063384768,-0.4852628089259116,0.4636,0.4152,114.1,0.2,0.087,1.0,0.1212,0.1667
Odisha,Koraput,49.7,0,Moderate,223,1.3953364450785626,-1.268434491276828,0.5024,0.4053,117.9,1.52,0.1097,1.0,0.0922,0.391
Chhattisgarh,Bastar,49.64,0,Moderate,224,-0.3053901245906514,-0.4083051970905055,0.5904,0.3557,99.6,2.67,0.0651,0.7937,0.0539,0.5635
Maharashtra,Chandrapur,49.6,0,Moderate,225,-0.009200126427468574,-0.16297301881235696,0.5469,0.3703,97.7,2.88,0.0652,1.0,0.0827,0.5041
Nagaland,Tuensang,49.47,0,Moderate,226,-1.2920214845639297,-0.023950353807187845,0.6962,0.2904,97.1,1.8,0.0559,0.1106,0.0134,0.6884
Arunachal Pradesh,Tirap,49.46,0,Moderate,227,-1.4206078143469243,1.4547992264181426,0.5598,0.2833,99.1,3.88,0.0876,0.661,0.1569,0.1386
Madhya Pradesh,Balaghat,49.43,0,Moderate,228,-0.13725609194369778,0.9454211843280264,0.5347,0.318,106.3,3.25,0.0651,1.0,0.1473,0.1798
Jharkhand,West Singhbhum,49.42,0,Moderate,229,1.3113923959055742,-0.3909688324538625,0.512,0.3906,109.4,1.4,0.0734,1.0,0.0974,0.2016
Assam,Kokrajhar,49.41,0,Moderate,230,0.8748228638451824,0.3290916032109398,0.4928,0.3715,102.2,0.78,0.1048,0.6047,0.1357,0.1503
Assam,Dima Hasao,49.4,0,Moderate,231,-1.34264649153796,0.6897954182234474,0.63,0.3073,89.7,2.67,0.0574,0.3939,0.0627,0.3555
Uttarakhand,Pithoragarh,49.34,0,Moderate,232,0.046156770172494185,-0.00014831055748739516,0.5634,0.3396,108.0,1.54,0.1009,0.4727,0.097,0.1133
Odisha,Nabarangpur,49.32,0,Moderate,233,0.23359242957301074,-0.30209605802855777,0.5603,0.3713,103.4,2.54,0.0608,0.9575,0.0684,0.1545
Kerala,Idukki,49.25,0,Moderate,234,-0.9393583852063994,-0.3859125169649998,0.5613,0.3397,105.9,3.62,0.1162,0.7642,0.099,0.3979
Arunachal Pradesh,Changlang,49.17,0,Moderate,235,-0.5978549405900572,-0.1823941484647279,0.5863,0.3547,96.9,2.27,0.0869,0.521,0.059,0.1151
Odisha,Mayurbhanj,49.1,0,Moderate,236,-2.57124081854468,1.7156574313852027,0.6371,0.2472,90.0,3.75,0.0811,0.1899,0.1157,0.1276
Gujarat,Dahod,49.09,0,Moderate,237,0.725236271744612,0.686243479697262,0.4625,0.3601,99.2,1.92,0.0946,1.0,0.1773,0.6623
Nagaland,Mon,48.93,0,Moderate,238,-2.0091954279688786,0.36265942182703775,0.6064,0.3007,96.3,3.65,0.1137,0.3636,0.0928,0.2247
Arunachal Pradesh,Tirap,48.93,0,Moderate,239,-0.11620283921826126,0.6193319555316937,0.5522,0.3479,95.6,2.78,0.0473,0.9565,0.0999,0.1431
Rajasthan,Udaipur,48.87,0,Moderate,240,-0.6017992604239105,-1.5564799672938998,0.6612,0.3478,108.4,1.75,0.0984,0.344,0.0,0.6927
Odisha,Mayurbhanj,48.79,0,Moderate,241,0.9285133791616356,-1.409057618146781,0.5354,0.4118,111.5,1.87,0.0928,1.0,0.0528,0.1302
Kerala,Wayanad,48.75,0,Moderate,242,-0.7399564575563705,2.0106013478891365,0.4697,0.2969,93.7,3.73,0.0958,1.0,0.2334,0.5679
Maharashtra,Chandrapur,48.74,0,Moderate,243,-0.7259855458129267,0.7343286155061615,0.6014,0.3117,97.4,2.45,0.0582,0.5678,0.0869,0.1137
Madhya Pradesh,Jhabua,48.73,0,Moderate,244,-1.6739757745927324,2.677326814646109,0.5707,0.2506,85.2,2.87,0.0674,0.3459,0.1787,0.1912
Kerala,Idukki,48.61,0,Moderate,245,1.4878531300040052,-1.2898115949257736,0.5206,0.4131,114.3,1.15,0.0899,1.0,0.0663,0.1268
Chhattisgarh,Dantewada,48.54,0,Moderate,246,0.9631346482467169,0.14973067927733968,0.5554,0.3624,100.5,0.37,0.0587,0.6165,0.0822,0.2351
Chhattisgarh,Kondagaon,48.47,0,Moderate,247,-1.4062209874683422,2.5181056002641817,0.5906,0.2611,82.8,1.98,0.056,0.1966,0.1483,0.0731
Chhattisgarh,Kanker,48.47,0,Moderate,248,0.501857922955845,-0.26408303553700785,0.5286,0.3613,109.9,2.32,0.0856,1.0,0.1101,0.2613
Kerala,Wayanad,48.4,0,Moderate,249,2.174669022955519,-1.0826492474931722,0.548,0.3984,119.2,0.2,0.0526,1.0,0.0535,0.119
Madhya Pradesh,Alirajpur,48.24,0,Moderate,250,0.19176395775682256,0.3464472952299057,0.5214,0.358,100.3,2.53,0.073,1.0,0.1206,0.1336
Madhya Pradesh,Mandla,48.09,3,Good,251,1.6215368112378277,-0.9559785392701248,0.527,0.3955,116.0,0.89,0.078,1.0,0.0775,0.1027
Odisha,Mayurbhanj,48.02,3,Good,252,-0.9177215216958391,-0.47842221177085137,0.629,0.3428,98.6,3.0,0.0618,0.7136,0.0282,0.1691
Kerala,Wayanad,47.99,3,Good,253,-2.2050226768706827,0.36798832007467924,0.6875,0.275,95.7,3.33,0.0669,0.2687,0.0375,0.1661
Chhattisgarh,Narayanpur,47.98,3,Good,254,-2.4873276248515985,1.2508630592374346,0.6125,0.2728,87.8,3.77,0.099,0.3,0.1147,0.1435
Arunachal Pradesh,Changlang,47.94,3,Good,255,-1.42892966440285,0.2041651170649202,0.6405,0.3067,95.8,2.52,0.079,0.3259,0.0528,0.1196
Rajasthan,Banswara,47.9,3,Good,256,1.467344877006394,0.16244293781809807,0.4819,0.3686,109.7,0.27,0.1043,0.7426,0.1495,0.1529
Meghalaya,West Garo Hills,47.9,3,Good,257,-0.9485049617417388,0.02810215453539725,0.5906,0.3191,103.1,3.33,0.0838,0.7793,0.0904,0.309
Arunachal Pradesh,Tirap,47.88,3,Good,258,1.174059462897624,0.3039299236288405,0.4783,0.3636,109.9,1.4,0.0928,1.0,0.158,0.1195
Jharkhand,Khunti,47.77,3,Good,259,2.1670674382568955,-2.0034372501994993,0.5484,0.4163,123.7,0.2,0.0817,1.0,0.0354,0.2736
Meghalaya,West Garo Hills,47.7,3,Good,260,-1.1337568203232224,0.7300174073838557,0.5491,0.3165,94.5,3.13,0.1021,0.6653,0.1344,0.261
Odisha,Nabarangpur,47.54,3,Good,261,-3.0267174271673327,3.3609887282691733,0.565,0.2216,73.6,4.42,0.0799,0.3992,0.2134,0.286
Tripura,Dhalai,47.5,3,Good,262,-0.11789345629025891,-0.9214897675707926,0.5697,0.3717,106.1,2.53,0.0932,0.8659,0.0586,0.121
Kerala,Wayanad,47.49,3,Good,263,-1.2402906421769986,-1.0975759060505923,0.6304,0.3547,99.6,2.97,0.0981,0.5565,0.015,0.1285
Kerala,Wayanad,47.45,3,Good,264,1.870557362198313,-1.4423635119394902,0.5054,0.4064,121.2,0.59,0.1075,1.0,0.0882,0.1922
Telangana,Adilabad,47.32,3,Good,265,-2.085694502621221,1.3212027971149907,0.5988,0.2737,91.3,3.81,0.0863,0.5167,0.1274,0.0992
Himachal Pradesh,Kinnaur,47.17,3,Good,266,0.01944081541977308,0.40012667606129565,0.5294,0.3382,104.1,2.65,0.0794,1.0,0.1324,0.1182
Assam,Karbi Anglong,47.08,3,Good,267,-0.810502230938639,0.2485217251638723,0.614,0.3269,93.2,2.43,0.054,0.657,0.0591,0.1685
Arunachal Pradesh,Tirap,47.06,3,Good,268,0.5974249111198763,-1.3868423136952162,0.5467,0.3964,109.4,1.95,0.0964,1.0,0.0569,0.2325
Himachal Pradesh,Kinnaur,47.05,3,Good,269,0.013259020288166877,-0.3929545890954624,0.5986,0.3431,103.1,0.84,0.0892,0.4028,0.0583,0.1546
Rajasthan,Udaipur,47.0,3,Good,270,1.3999187477551105,-1.5004398672999528,0.5627,0.4034,112.8,0.33,0.0832,0.7945,0.0339,0.0754
Telangana,Komaram Bheem,46.95,3,Good,271,-2.317976363376153,0.6756127485768946,0.642,0.276,91.9,3.96,0.0781,0.5092,0.0819,0.2857
Maharashtra,Chandrapur,46.91,3,Good,272,-1.0129860982460162,1.2806675988946625,0.6025,0.2961,87.5,2.0,0.054,0.4577,0.1015,0.1505
Nagaland,Mon,46.89,3,Good,273,-0.9371503281916104,1.7219823032436532,0.5204,0.2786,94.2,3.2,0.0871,0.8583,0.201,0.6316
Odisha,Kandhamal,46.89,3,Good,274,0.05377097824789522,-1.3319162796026687,0.5606,0.3822,106.4,2.54,0.0983,1.0,0.0572,0.4423
Odisha,Mayurbhanj,46.77,3,Good,275,0.03417017249046356,-0.14635533945685159,0.6003,0.3263,106.8,1.57,0.0679,0.6763,0.0734,0.2366
Jharkhand,Gumla,46.77,3,Good,276,-0.031798866654861944,-0.35595557294441227,0.5597,0.3474,106.6,2.64,0.0801,1.0,0.0929,0.2707
Meghalaya,West Garo Hills,46.74,3,Good,277,0.8743149159409455,-1.0534885094369149,0.5977,0.3629,112.1,0.87,0.0639,0.7984,0.0393,0.3306
Tripura,Dhalai,46.61,3,Good,278,0.12413043897609678,0.3255156211102596,0.5672,0.3279,103.5,1.46,0.0741,0.6882,0.1049,0.1029
Chhattisgarh,Narayanpur,46.52,3,Good,279,-1.246169339118609,1.3513130672950278,0.5493,0.2991,89.2,2.63,0.0966,0.5378,0.1516,0.1028
Arunachal Pradesh,Longding,46.5,3,Good,280,0.05388437067137488,0.580434517757649,0.4993,0.3414,100.7,2.11,0.1045,0.8677,0.1593,0.1075
Jharkhand,Gumla,46.3,3,Good,281,0.4317198867056705,-0.7215460895107209,0.538,0.3698,108.4,2.0,0.095,0.9892,0.0922,0.1932
Gujarat,Narmada,46.26,3,Good,282,-0.08825639294388261,0.22138899309129453,0.5633,0.3289,104.0,2.17,0.0747,0.8517,0.1078,0.1087
Madhya Pradesh,Dindori,46.26,3,Good,283,-0.2955550541828884,-0.8037910069266319,0.6702,0.3352,102.9,0.99,0.057,0.4018,0.0,0.1625
Arunachal Pradesh,Longding,46.12,3,Good,284,1.1714684358656773,-1.522911874013579,0.517,0.4177,109.3,1.09,0.1068,1.0,0.0653,0.0835
Madhya Pradesh,Mandla,46.07,3,Good,285,-1.7512765006234854,-0.16758079534314987,0.6212,0.3154,95.0,3.34,0.0974,0.5637,0.0634,0.1649
Arunachal Pradesh,Tirap,46.04,3,Good,286,-0.19707697949914546,-0.39281716350914553,0.5535,0.3443,108.2,2.82,0.0938,1.0,0.1022,0.1333
Chhattisgarh,Dantewada,46.03,3,Good,287,0.3506212700811748,-1.2813069767201561,0.5499,0.3904,104.9,2.0,0.0961,1.0,0.0597,0.3092
Madhya Pradesh,Balaghat,46.0,3,Good,288,-0.47669334830596927,0.44167701233956513,0.5814,0.3107,101.4,2.24,0.0737,0.7398,0.108,0.1796
Himachal Pradesh,Lahaul and Spiti,45.9,3,Good,289,-0.24898270959367982,-0.23954159792566537,0.571,0.3363,106.6,2.61,0.0819,0.9309,0.0927,0.0901
Madhya Pradesh,Mandla,45.84,3,Good,290,1.3415494750676762,-0.9491713799299127,0.5423,0.3963,104.0,0.54,0.0666,0.9858,0.0614,0.3223
Rajasthan,Udaipur,45.8,3,Good,291,1.6596135040654154,-0.07213789388985827,0.49,0.3721,110.2,0.37,0.0848,1.0,0.1379,0.1313
Maharashtra,Nandurbar,45.76,3,Good,292,-1.3739074629977834,0.16602149882985684,0.5656,0.3252,92.9,2.71,0.1224,0.5207,0.1092,0.1405
Odisha,Kandhamal,45.72,3,Good,293,1.3658303468406914,-2.9142368307814377,0.5511,0.45,115.6,0.86,0.1158,1.0,0.0,0.1012
Chhattisgarh,Kondagaon,45.7,3,Good,294,0.45612104379856444,-1.181609182103889,0.5563,0.3887,105.3,1.82,0.0865,1.0,0.0551,0.1465
Odisha,Rayagada,45.69,3,Good,295,0.03244935793800217,-0.0010992887744594186,0.5217,0.3616,96.4,2.23,0.0877,1.0,0.1167,0.2515
Assam,Dima Hasao,45.65,3,Good,296,-1.957698255635985,-1.3017285618215642,0.6537,0.3429,95.6,3.14,0.1161,0.4161,0.0034,0.1252
Chhattisgarh,Kanker,45.65,3,Good,297,-1.768438691283294,1.3746128224919472,0.5652,0.2743,95.3,4.57,0.0755,1.0,0.1605,0.1493
Chhattisgarh,Sukma,45.61,3,Good,298,-0.018754722738852064,-1.114195568758391,0.6314,0.3428,103.5,1.26,0.0689,0.6793,0.0257,0.75
Madhya Pradesh,Mandla,45.49,3,Good,299,-1.615565091107514,0.6783309803548401,0.5856,0.2986,92.9,3.36,0.0925,0.6711,0.1158,0.1201
Assam,Kokrajhar,45.42,3,Good,300,0.4844491502190173,0.36133261711085096,0.5406,0.3475,98.0,1.55,0.0554,1.0,0.1119,0.1925
Jharkhand,Latehar,45.41,3,Good,301,0.39535018738965505,-0.1449773759068056,0.5501,0.3537,102.1,1.36,0.0783,0.8526,0.0962,0.1195
Odisha,Koraput,45.36,3,Good,302,-1.8728285862547813,-0.5048848074496071,0.6278,0.3055,103.1,3.84,0.109,0.6661,0.0667,0.152
Madhya Pradesh,Jhabua,45.33,3,Good,303,1.1660940020159647,-0.988573767077872,0.5414,0.3827,111.6,0.94,0.0828,1.0,0.0759,0.0838
Chhattisgarh,Kondagaon,45.3,3,Good,304,1.821527499958017,-2.790089190024365,0.5483,0.4409,118.7,0.2,0.1083,1.0,0.0108,0.2249
Maharashtra,Gadchiroli,45.3,3,Good,305,-1.7522097552817126,-0.16162032975710097,0.6465,0.3045,95.0,3.21,0.0792,0.5854,0.0489,0.2136
Odisha,Kandhamal,45.21,3,Good,306,-0.9565419465865774,0.27344319543759027,0.5619,0.3132,99.9,3.2,0.0949,0.8952,0.1249,0.2722
Gujarat,The Dangs,45.18,3,Good,307,-0.1611950211494035,1.0288947663307904,0.5225,0.3048,101.5,2.47,0.0799,1.0,0.1727,0.2749
Jharkhand,West Singhbhum,45.16,3,Good,308,-0.1540222315959251,0.4857257296584246,0.553,0.3194,102.5,2.46,0.0689,1.0,0.1276,0.1515
Assam,Kokrajhar,45.16,3,Good,309,-0.2857152904564251,1.4031137635773183,0.5095,0.3078,93.5,2.48,0.0743,1.0,0.1827,0.3201
Jharkhand,West Singhbhum,45.14,3,Good,310,1.0048650931268277,-2.2168545918582634,0.6024,0.4068,115.2,1.12,0.0768,1.0,0.0,0.0928
Telangana,Adilabad,45.06,3,Good,311,-0.4214662062131309,0.40253003200205173,0.534,0.3156,105.9,2.93,0.0977,1.0,0.1504,0.1194
Madhya Pradesh,Dindori,45.0,3,Good,312,0.42387931728277684,-0.1184134419344062,0.5424,0.3451,104.0,1.67,0.0771,1.0,0.1126,0.349
Gujarat,The Dangs,45.0,3,Good,313,-0.6378774711100683,-0.6657396665127338,0.6107,0.3349,104.2,2.58,0.0799,0.8257,0.0544,0.1314
Gujarat,The Dangs,44.86,3,Good,314,-2.9088175456594416,2.5494692919573487,0.6368,0.206,80.2,3.19,0.0747,0.1737,0.1572,0.3054
Telangana,Komaram Bheem,44.84,3,Good,315,-2.431564116731392,0.48231246678975315,0.6293,0.281,85.6,3.42,0.0997,0.4365,0.0896,0.5079
Arunachal Pradesh,Longding,44.81,3,Good,316,-0.6820078325911206,1.4913287373297632,0.5458,0.2952,87.8,1.28,0.0903,0.4521,0.159,0.183
Madhya Pradesh,Jhabua,44.74,3,Good,317,0.24112318753938683,-2.024493354326379,0.5898,0.3949,109.0,1.84,0.098,0.9465,0.0153,0.1758
Madhya Pradesh,Alirajpur,44.67,3,Good,318,0.24706474434006515,-1.197346618622091,0.5815,0.3567,111.3,1.97,0.0871,1.0,0.0618,0.3369
Uttarakhand,Chamoli,44.65,3,Good,319,-0.685210841051403,0.33860184955650174,0.5448,0.3104,103.2,2.43,0.1159,0.7421,0.1449,0.1452
Nagaland,Tuensang,44.64,3,Good,320,1.0735908051960072,-1.0917430097894247,0.5394,0.3842,110.4,0.93,0.0898,1.0,0.0764,0.1065
Jharkhand,West Singhbhum,44.54,3,Good,321,-0.9162716021666296,-1.3451406437452185,0.6208,0.3594,98.1,2.13,0.1051,0.601,0.0198,0.2057
Gujarat,The Dangs,44.45,3,Good,322,-0.9438200441404273,-0.4891001323521884,0.6062,0.3152,103.0,3.02,0.0856,0.8992,0.0787,0.5121
Madhya Pradesh,Dindori,44.43,3,Good,323,0.5402514498668944,0.06237749484646947,0.5437,0.3436,103.7,1.44,0.0686,1.0,0.1127,0.1288
Jharkhand,West Singhbhum,44.19,3,Good,324,0.06949189259278578,-0.6168942166764797,0.5712,0.3598,97.6,1.84,0.0699,1.0,0.069,0.4096
Chhattisgarh,Sukma,44.14,3,Good,325,-0.5077468765268216,-0.825173010658342,0.596,0.3444,102.8,2.55,0.0835,0.936,0.0595,0.2357
Odisha,Koraput,44.13,3,Good,326,-2.1569015398597475,0.9738778440898567,0.6364,0.2598,87.5,2.68,0.0873,0.3381,0.1037,0.3669
Madhya Pradesh,Mandla,44.05,3,Good,327,0.43001449464962344,1.4171679778809738,0.511,0.3007,101.3,1.49,0.0655,1.0,0.1883,0.1561
Telangana,Adilabad,44.01,3,Good,328,0.5534828291494023,-1.2904733033548037,0.5577,0.3725,108.2,1.41,0.0962,1.0,0.0697,0.4108
Assam,Karbi Anglong,43.94,3,Good,329,-0.4546036620679963,1.3126694763974702,0.5289,0.2926,96.2,2.53,0.0739,1.0,0.1784,0.2987
Assam,Karbi Anglong,43.93,3,Good,330,0.20312280248611564,-0.40179538662878794,0.5728,0.3495,102.0,1.45,0.0733,0.891,0.0777,0.0861
Gujarat,Dahod,43.83,3,Good,331,0.3109253842564335,-1.904317748902458,0.5576,0.397,107.9,1.77,0.1151,1.0,0.0455,0.2151
Himachal Pradesh,Lahaul and Spiti,43.73,3,Good,332,-0.12505149952323377,0.530117368925612,0.5319,0.3169,97.7,2.05,0.0832,1.0,0.1512,0.5187
Maharashtra,Nandurbar,43.72,3,Good,333,-0.53928115390637,-0.9639092790431703,0.5909,0.3535,101.3,2.46,0.0915,0.9132,0.0555,0.1518
Himachal Pradesh,Lahaul and Spiti,43.62,3,Good,334,-0.39754193214690325,-3.0286290079047227,0.6298,0.4106,105.8,2.41,0.1228,1.0,0.0,0.9474
Assam,Kokrajhar,43.62,3,Good,335,-1.1311378625485857,1.4542344076996339,0.5631,0.2732,92.1,2.35,0.0844,0.6671,0.1637,0.189
Madhya Pradesh,Dindori,43.57,3,Good,336,-0.7654679663448009,0.9438787097565526,0.5192,0.3138,93.1,2.85,0.0948,0.9791,0.167,0.1029
Jharkhand,Latehar,43.54,3,Good,337,-1.2125740007228352,0.338745252008295,0.6042,0.2926,100.4,3.51,0.0657,1.0,0.1032,0.1386
Uttarakhand,Chamoli,43.43,3,Good,338,0.02809662989916128,-1.0416335764768054,0.5502,0.3581,109.9,2.14,0.1137,1.0,0.0916,0.0951
Chhattisgarh,Sukma,43.4,3,Good,339,1.3279526527107304,-2.9438962994576845,0.5769,0.4114,117.7,0.39,0.1125,1.0,0.0117,0.7305
Telangana,Adilabad,43.35,3,Good,340,-1.5786040257916814,0.4212829970851985,0.6334,0.2793,94.9,2.13,0.0914,0.3922,0.0872,0.0921
Meghalaya,West Garo Hills,43.3,3,Good,341,-0.15346866096242365,-0.5393858305731253,0.5457,0.3345,103.4,2.11,0.1072,1.0,0.1198,0.7017
Tripura,Dhalai,43.27,3,Good,342,0.3394141821074527,-1.0333009721835023,0.6104,0.3494,109.1,1.54,0.0584,1.0,0.0402,0.1068
Himachal Pradesh,Lahaul and Spiti,43.26,3,Good,343,-0.463579194280956,-0.7609350895419046,0.6096,0.3341,99.2,0.2,0.1242,0.196,0.0562,0.1384
Gujarat,Narmada,43.25,3,Good,344,-1.2974861630972385,-0.32508382896202487,0.6173,0.3145,96.9,2.59,0.0935,0.6702,0.0682,0.1362
Assam,Karbi Anglong,43.11,3,Good,345,-1.5983712047559342,0.24168367468438548,0.663,0.2796,95.4,2.64,0.0593,0.597,0.0574,0.102
Chhattisgarh,Kanker,43.11,3,Good,346,-1.6510652006478777,-0.5046321750518525,0.6916,0.2997,93.1,1.59,0.0806,0.22,0.0087,0.0892
Telangana,Adilabad,43.06,3,Good,347,-1.5142167006014131,2.427627474425937,0.5711,0.2526,80.6,2.42,0.0557,0.6322,0.1763,0.0869
Madhya Pradesh,Dindori,42.92,3,Good,348,0.43470073546458815,-2.56515586715453,0.618,0.3948,113.5,1.43,0.0964,1.0,0.0,0.34
Uttarakhand,Chamoli,42.78,3,Good,349,-1.0799329557002197,-0.907652115648222,0.6163,0.3288,99.8,1.78,0.1202,0.4858,0.0549,0.1442
Chhattisgarh,Dantewada,42.77,3,Good,350,-0.7151517131550597,-0.49530305768189087,0.6004,0.3235,103.0,2.78,0.0782,1.0,0.0762,0.1593
Chhattisgarh,Sukma,42.66,3,Good,351,-1.2260864758012093,-0.45666329444973536,0.6042,0.3166,93.3,3.14,0.0803,1.0,0.0792,0.7847
Nagaland,Mon,42.57,3,Good,352,-0.8653762554324721,-1.4535692212326834,0.5744,0.3687,100.3,2.99,0.1192,1.0,0.0569,0.1539
Chhattisgarh,Narayanpur,42.45,3,Good,353,-0.9335361444621046,1.5629943223101108,0.5929,0.2609,91.5,1.45,0.0661,0.5354,0.1462,0.112
Meghalaya,East Garo Hills,42.44,3,Good,354,-0.34395252960535133,-1.0749552039761627,0.5675,0.3451,106.1,2.32,0.1118,1.0,0.0875,0.3812
Assam,Kokrajhar,42.43,3,Good,355,-0.8232588449667865,0.9701013173881993,0.6253,0.2735,93.2,1.27,0.0539,0.531,0.1012,0.1211
Gujarat,Narmada,42.41,3,Good,356,-0.05476557710304217,-1.9413282112369246,0.5754,0.3692,113.9,2.13,0.1257,1.0,0.0554,0.1762
Arunachal Pradesh,Longding,42.34,3,Good,357,0.7865695607335657,-1.2840751564713517,0.5416,0.3799,108.3,0.9,0.1045,1.0,0.0785,0.1038
Chhattisgarh,Bastar,42.29,3,Good,358,-0.0009161157028531886,-0.30447569420091697,0.5604,0.3424,99.7,1.49,0.0866,0.9136,0.0972,0.1051
Himachal Pradesh,Lahaul and Spiti,42.29,3,Good,359,0.09254093090409121,0.17508284006030542,0.5665,0.3368,94.7,1.47,0.0552,1.0,0.0967,0.0948
Arunachal Pradesh,Tirap,42.27,3,Good,360,-1.66429752295553,0.1884373224553279,0.6253,0.2946,91.5,2.79,0.0822,0.6703,0.0801,0.1179
Arunachal Pradesh,Changlang,42.24,3,Good,361,-0.9448978088338763,-1.0613968895978998,0.5782,0.3397,102.6,3.03,0.1161,1.0,0.0821,0.3493
Chhattisgarh,Kanker,42.21,3,Good,362,-1.9054284517220248,1.159500046708391,0.6048,0.2752,86.0,3.92,0.051,1.0,0.12,0.1269
Uttarakhand,Pithoragarh,42.19,3,Good,363,-1.59880524383083,0.5990708961006509,0.6537,0.2651,93.9,2.17,0.0674,0.4935,0.0812,0.1101
Chhattisgarh,Dantewada,42.18,3,Good,364,-0.10889976772592869,-1.8320324746420333,0.6397,0.3586,109.0,1.93,0.07,1.0,0.0017,0.1722
Kerala,Idukki,42.16,3,Good,365,-0.7876712905920309,-0.7303484000730331,0.5809,0.3384,100.9,2.79,0.0986,1.0,0.0807,0.1257
Rajasthan,Udaipur,42.15,3,Good,366,-1.3980126495897063,0.5980173937590734,0.5665,0.2909,95.3,3.48,0.0915,1.0,0.1426,0.2201
Nagaland,Mon,42.08,3,Good,367,-0.8290619021830103,0.051637627078946015,0.6124,0.3032,98.8,2.35,0.0661,0.874,0.0844,0.1094
Madhya Pradesh,Alirajpur,42.08,3,Good,368,-2.7018744198402267,1.7909968678252992,0.6196,0.2279,85.1,3.44,0.0897,0.4636,0.1525,0.113
Jharkhand,Gumla,42.02,3,Good,369,-0.5637211366620382,1.122154721886874,0.5232,0.3116,88.7,2.26,0.079,1.0,0.1653,0.1144
Chhattisgarh,Bastar,42.01,3,Good,370,-2.3990740976533873,0.7233416669869847,0.6672,0.2337,88.7,3.46,0.063,0.6824,0.0992,1.0
Jharkhand,Latehar,41.99,3,Good,371,-1.1340545475026946,-1.050292601085851,0.6039,0.3353,100.1,2.95,0.1043,0.9238,0.0608,0.2705
Arunachal Pradesh,Longding,41.96,3,Good,372,-0.7820578803753708,-0.21500891508154668,0.609,0.3242,94.5,2.27,0.065,0.9015,0.0668,0.1065
Madhya Pradesh,Alirajpur,41.86,3,Good,373,0.33754812843493126,0.33716670756158934,0.5022,0.3376,99.4,1.28,0.1012,1.0,0.1602,0.0944
Gujarat,The Dangs,41.84,3,Good,374,-0.9636373685050952,-1.0280718600623673,0.6192,0.3331,102.3,2.94,0.0841,1.0,0.0477,0.1256
Himachal Pradesh,Lahaul and Spiti,41.75,3,Good,375,-2.5386274298784803,0.14552839724312483,0.6179,0.2768,95.5,4.92,0.0963,1.0,0.1054,0.1474
Chhattisgarh,Kanker,41.74,3,Good,376,-0.4607280948587571,-0.5043774491491979,0.6269,0.3152,97.5,1.7,0.0579,0.8915,0.058,0.6038
Chhattisgarh,Dantewada,41.68,3,Good,377,-2.804635778891585,0.0195932707834579,0.6401,0.2849,89.4,5.11,0.0813,1.0,0.075,0.1474
Chhattisgarh,Kondagaon,41.66,3,Good,378,-2.0047739784469902,-1.1573276922258018,0.5986,0.3337,98.1,4.31,0.1271,1.0,0.0677,0.1409
Maharashtra,Chandrapur,41.63,3,Good,379,-0.031534642218826875,-0.9403215066255493,0.5749,0.3436,106.9,1.79,0.0963,1.0,0.0815,0.1603
Telangana,Komaram Bheem,41.61,3,Good,380,0.44721280884921205,-2.9898631075099473,0.6029,0.41,114.3,1.28,0.1207,1.0,0.0,0.2178
Assam,Karbi Anglong,41.59,3,Good,381,0.25622887145732887,-1.7048424925943855,0.6021,0.3653,109.7,1.42,0.0876,1.0,0.0326,0.1378
Assam,Dima Hasao,41.55,3,Good,382,-0.7084843953440858,-2.5526809886129906,0.6614,0.3619,101.9,1.44,0.1173,0.6918,0.0,1.137
Arunachal Pradesh,Tirap,41.5,3,Good,383,0.1769462166139322,-1.5641021735984024,0.5594,0.3666,110.4,1.61,0.1205,1.0,0.074,0.1449
Jharkhand,Gumla,41.48,3,Good,384,-0.12826749787635752,-1.2380385464956831,0.5986,0.3454,108.3,1.9,0.0896,1.0,0.0561,0.1063
Odisha,Rayagada,41.35,3,Good,385,-1.175283952351941,-0.9417914683558414,0.6189,0.332,94.9,1.7,0.1153,0.5353,0.049,0.1602
Madhya Pradesh,Balaghat,41.32,3,Good,386,-2.475463274601397,-0.43832086320181685,0.6589,0.2822,95.9,3.78,0.1034,0.6667,0.0589,0.1429
Odisha,Rayagada,41.25,3,Good,387,-0.5999876409081579,0.569776219172625,0.5479,0.3071,93.7,2.22,0.0839,1.0,0.145,0.2777
Telangana,Adilabad,41.25,3,Good,388,-1.0317041497677986,-2.1183826556187055,0.6262,0.3605,105.6,3.02,0.1109,1.0,0.0133,0.172
Kerala,Wayanad,41.25,3,Good,389,-1.621906243991647,1.530671824331006,0.5222,0.2799,84.1,3.04,0.11,0.8471,0.1979,0.2235
Nagaland,Tuensang,41.24,3,Good,390,1.0922954089299535,-0.7464526275452956,0.5364,0.3573,106.7,0.2,0.091,1.0,0.1063,0.3495
Odisha,Malkangiri,41.23,3,Good,391,-0.9384217517032839,-0.5864878347965554,0.5962,0.3295,94.1,2.61,0.0835,1.0,0.0743,0.4125
Jharkhand,West Singhbhum,41.18,3,Good,392,-1.690085984310802,0.761682100156796,0.5727,0.2865,89.2,2.91,0.1041,0.751,0.1408,0.0948
Maharashtra,Nandurbar,41.16,3,Good,393,-0.14148217354149278,-2.539864321608926,0.6585,0.3769,112.9,1.83,0.0945,1.0,0.0,0.3207
Meghalaya,East Garo Hills,41.08,3,Good,394,-1.6512556268072875,-0.54222421754551,0.6392,0.3141,90.5,2.31,0.0957,0.5849,0.0467,0.1322
Odisha,Rayagada,41.05,3,Good,395,-1.4554998124913079,0.8763937626710079,0.5238,0.2964,87.3,3.25,0.1128,1.0,0.1798,0.4162
Chhattisgarh,Dantewada,41.03,3,Good,396,-3.2793362558817947,-1.790775665562101,0.7051,0.2979,92.0,3.77,0.1443,0.3644,0.0,0.7111
Madhya Pradesh,Mandla,40.94,3,Good,397,-1.3109511124229234,-0.32881269187987855,0.5782,0.3041,101.7,3.29,0.1131,1.0,0.1177,0.2509
Nagaland,Mon,40.7,3,Good,398,0.8952276634808746,-2.414183261562131,0.5626,0.4084,108.1,0.44,0.1153,1.0,0.029,0.2466
Chhattisgarh,Kanker,40.68,3,Good,399,-0.7104760687735976,-0.41778838822375797,0.5602,0.3177,97.1,2.27,0.1089,1.0,0.1221,0.7299
Chhattisgarh,Bastar,40.66,3,Good,400,-1.285282085873978,-1.0971073393358235,0.6611,0.3141,100.1,2.15,0.0888,0.6748,0.0248,0.1427
Uttarakhand,Pithoragarh,40.65,3,Good,401,-0.35328067455629025,-2.5107913823312473,0.6258,0.3801,108.9,2.07,0.1083,1.0,0.0,0.1271
Chhattisgarh,Sukma,40.65,3,Good,402,-1.3842619043123594,0.307387926565125,0.5844,0.2911,92.7,3.09,0.0861,1.0,0.1245,0.4167
Uttarakhand,Almora,40.65,3,Good,403,0.14875079058684681,-0.9298690044099573,0.5918,0.3357,103.8,0.61,0.0954,0.773,0.0725,0.3454
Odisha,Kandhamal,40.49,3,Good,404,-3.7892907812268306,1.2257331405359864,0.6823,0.2344,74.2,4.6,0.0679,0.5545,0.0833,0.1075
Assam,Karbi Anglong,40.48,3,Good,405,-3.4159485501879554,0.7140715023767688,0.6635,0.2461,79.2,3.29,0.1158,0.2173,0.0904,0.1863
Gujarat,The Dangs,40.48,3,Good,406,-3.2871690896785717,0.9397918147419546,0.6888,0.2355,80.3,4.0,0.0643,0.5538,0.0757,0.225
Uttarakhand,Almora,40.28,3,Good,407,-0.5174026383262156,1.41355238518407,0.5197,0.2858,92.0,1.96,0.0844,1.0,0.1946,0.1415
Kerala,Idukki,40.22,3,Good,408,-1.2637099488190324,-1.2543165131477934,0.6234,0.3308,99.5,3.0,0.0962,1.0,0.0458,0.2512
Tripura,Dhalai,40.09,3,Good,409,-2.8986672967186524,2.283507905096497,0.6161,0.2161,77.3,3.79,0.0663,0.6776,0.1678,0.1701
Chhattisgarh,Kanker,39.8,3,Good,410,-0.7223721065180579,-1.0638389758259268,0.5894,0.3291,105.4,2.39,0.111,1.0,0.0815,0.1187
Kerala,Idukki,39.58,3,Good,411,-1.7116365101687845,-0.29681219950745874,0.6066,0.2968,95.4,2.88,0.1124,0.7947,0.0966,0.1337
Chhattisgarh,Kondagaon,39.52,3,Good,412,0.01980164491233263,-0.3182808543340775,0.5328,0.339,98.9,1.27,0.1079,1.0,0.1282,0.1265
Jharkhand,Simdega,39.31,3,Good,413,-2.6075871674768623,0.8577774406470826,0.6015,0.2604,85.6,3.96,0.101,0.8368,0.1381,0.1238
Assam,Dima Hasao,39.19,3,Good,414,-1.3622383332762267,-0.6625821491119025,0.5911,0.3084,100.6,3.04,0.1152,1.0,0.1005,0.1972
Telangana,Komaram Bheem,39.15,3,Good,415,-2.4795674602303235,0.27933171163283355,0.6299,0.2719,84.2,3.55,0.0912,0.8062,0.0982,0.4092
Chhattisgarh,Bastar,39.13,3,Good,416,-1.389942605075749,-2.401993230468803,0.6473,0.3524,105.6,3.14,0.1172,1.0,0.0004,0.0913
Telangana,Komaram Bheem,39.12,3,Good,417,-2.3529912756863807,0.365197778570114,0.5905,0.2793,87.6,3.59,0.1178,0.8152,0.1302,0.1609
Odisha,Mayurbhanj,39.11,3,Good,418,-1.1916817304843985,-1.4602204456071384,0.6094,0.3353,102.2,2.83,0.1155,1.0,0.0554,0.1246
Rajasthan,Banswara,39.1,3,Good,419,-1.5520564963432317,-1.5259157252016615,0.5977,0.3474,95.4,3.2,0.1268,1.0,0.0548,0.1975
Odisha,Nabarangpur,39.08,3,Good,420,-1.7761287754932897,0.7015402264990708,0.551,0.2843,85.1,3.25,0.1088,1.0,0.1648,0.5069
Assam,Dima Hasao,39.08,3,Good,421,-1.148314620797379,0.859856984858022,0.5324,0.2785,91.8,2.55,0.1109,1.0,0.1891,0.5
Tripura,Dhalai,38.97,3,Good,422,-0.9955077460654915,-1.058614618432101,0.5926,0.3234,101.6,2.51,0.1147,1.0,0.084,0.2885
Odisha,Mayurbhanj,38.97,3,Good,423,-0.631689377242753,-0.39702816361255616,0.5882,0.308,100.5,1.97,0.0918,1.0,0.1039,0.2778
Kerala,Wayanad,38.91,3,Good,424,-1.4684205200827432,-1.151861344279536,0.6619,0.3201,92.7,1.9,0.0909,0.6548,0.018,0.153
Gujarat,Narmada,38.75,3,Good,425,-0.6571754666274652,-0.904551185931872,0.5836,0.325,102.1,1.77,0.1166,0.8983,0.0914,0.1556
Kerala,Idukki,38.7,3,Good,426,-1.3339550733252072,-0.7331728226546903,0.6007,0.3086,100.8,2.92,0.1098,1.0,0.0907,0.1169
Odisha,Malkangiri,38.58,3,Good,427,-0.7461640074851544,-0.4510556962868285,0.6279,0.3073,97.5,1.95,0.062,1.0,0.0648,0.1329
Chhattisgarh,Kanker,38.58,3,Good,428,-2.93845137990241,-0.8277488555564214,0.6319,0.2869,94.6,4.9,0.1274,1.0,0.0812,0.286
Jharkhand,Simdega,38.47,2,Excellent,429,-2.047008608212829,2.2034332244317314,0.5887,0.2251,79.7,2.77,0.0638,0.8033,0.1862,0.2978
Uttarakhand,Pithoragarh,38.28,2,Excellent,430,-3.5343492096907485,0.5001800250122195,0.7195,0.2173,82.4,3.24,0.0878,0.3038,0.0632,0.3898
Nagaland,Tuensang,38.22,2,Excellent,431,-2.9423976512914902,0.991540682558778,0.6451,0.238,80.7,3.12,0.0969,0.5085,0.1169,0.189
Gujarat,The Dangs,38.15,2,Excellent,432,-1.1102604365445274,-0.8411829741430257,0.6769,0.3204,87.1,0.95,0.0612,0.5881,0.0027,0.0702
Telangana,Komaram Bheem,38.15,2,Excellent,433,-0.16659313592008126,-1.3028478088393924,0.6013,0.3521,98.0,1.17,0.0855,1.0,0.0466,0.1414
Jharkhand,Khunti,37.88,2,Excellent,434,-0.5388283664223621,-0.4973692813098428,0.6223,0.3062,95.5,1.43,0.0636,0.9906,0.0715,0.4483
Chhattisgarh,Dantewada,37.71,2,Excellent,435,-0.029384614866548996,-0.7977769920021203,0.5945,0.3454,93.9,0.83,0.0709,1.0,0.0601,0.0756
Madhya Pradesh,Jhabua,37.64,2,Excellent,436,-4.677994828110401,1.8349393986483173,0.633,0.1973,72.9,5.45,0.1233,0.5738,0.1698,0.1258
Jharkhand,Simdega,37.63,2,Excellent,437,-1.9117042967542066,-0.0963643605896717,0.614,0.2848,90.5,3.0,0.0993,0.9072,0.1012,0.2216
Gujarat,Narmada,37.59,2,Excellent,438,-1.1595263679760293,-0.20880066845975997,0.5897,0.3021,94.4,2.36,0.0963,1.0,0.1082,0.1414
Odisha,Malkangiri,37.5,2,Excellent,439,-1.0907800879333107,-1.112775650028085,0.6476,0.3215,95.8,2.2,0.0718,1.0,0.0309,0.0982
Jharkhand,Gumla,37.46,2,Excellent,440,-1.0414710487000605,-1.1896349752450734,0.6228,0.3112,104.3,2.16,0.1085,0.931,0.066,0.1018
Madhya Pradesh,Alirajpur,37.33,2,Excellent,441,0.001897889003736806,-2.1677344015441693,0.6209,0.3547,107.3,0.95,0.1014,1.0,0.0244,0.297
Uttarakhand,Chamoli,37.31,2,Excellent,442,-0.4326600516830612,-0.42754598389783893,0.5577,0.3096,102.6,1.54,0.1171,1.0,0.1327,0.1836
Odisha,Malkangiri,37.28,2,Excellent,443,-1.5683394044117445,-1.2522825467885708,0.6616,0.3154,94.0,2.74,0.0769,1.0,0.023,0.2175
Assam,Karbi Anglong,37.25,2,Excellent,444,-0.9170941091262871,-1.7755748161517235,0.6478,0.3435,96.7,1.94,0.0836,1.0,0.0087,0.2066
Maharashtra,Chandrapur,37.24,2,Excellent,445,-0.4632703705334453,-1.0304181540183532,0.5961,0.3389,94.7,0.88,0.1034,0.8251,0.0649,0.1127
Arunachal Pradesh,Tirap,37.12,2,Excellent,446,-2.6994992786286067,-1.5091654305376918,0.677,0.2909,99.1,4.36,0.1114,1.0,0.0321,0.2198
Maharashtra,Nandurbar,37.04,2,Excellent,447,-2.4295143099488477,1.008941483272118,0.5848,0.2601,82.5,3.75,0.0951,1.0,0.1551,0.1173
Assam,Kokrajhar,37.01,2,Excellent,448,-2.4415657581499635,-1.5442136259863626,0.6833,0.3128,89.5,2.82,0.1126,0.6481,0.0039,0.1145
Maharashtra,Nandurbar,37.0,2,Excellent,449,-1.7568028010379453,-1.7698785745416772,0.6345,0.3296,97.7,3.11,0.1198,1.0,0.0358,0.1928
Gujarat,The Dangs,36.98,2,Excellent,450,-1.5121651111497465,-0.8769220903911392,0.6275,0.3085,94.7,2.69,0.0947,0.9988,0.064,0.1659
Odisha,Koraput,36.94,2,Excellent,451,-3.8542902728309905,0.41519763322030473,0.6791,0.2314,83.7,5.09,0.0927,0.8317,0.0895,0.109
Madhya Pradesh,Dindori,36.9,2,Excellent,452,-0.9931226545510321,-0.7762650945037305,0.5812,0.3091,97.3,2.04,0.1189,1.0,0.1097,0.5017
Himachal Pradesh,Kinnaur,36.75,2,Excellent,453,-2.520028263781947,-0.019799856189461052,0.6666,0.2518,89.4,2.06,0.1178,0.3603,0.0816,0.1204
Jharkhand,Khunti,36.51,2,Excellent,454,-2.196122751931674,-0.7549633983715273,0.6247,0.2996,88.5,2.51,0.1319,0.6667,0.0757,0.1582
Assam,Dima Hasao,35.82,2,Excellent,455,-1.158538360415399,-0.8274868140674426,0.5848,0.3108,98.3,2.18,0.1238,1.0,0.1044,0.1033
Odisha,Koraput,35.75,2,Excellent,456,-0.9694194304122261,-0.4142097073358446,0.6004,0.2807,95.8,1.67,0.0997,1.0,0.1189,0.8083
Odisha,Kandhamal,35.66,2,Excellent,457,-1.8241716624731874,0.9297174092032642,0.5885,0.2499,90.2,2.84,0.0915,1.0,0.1616,0.0711
Arunachal Pradesh,Longding,35.58,2,Excellent,458,-2.4166248597406614,0.47372118760879955,0.6001,0.2689,81.7,2.88,0.1138,0.7905,0.1309,0.0998
Madhya Pradesh,Balaghat,35.45,2,Excellent,459,-2.3929007092765517,-0.5947333453694963,0.6708,0.2896,83.1,2.81,0.0832,0.8138,0.0396,0.1113
Chhattisgarh,Narayanpur,35.36,2,Excellent,460,-1.6899467846609542,-2.3362768554787348,0.6391,0.338,101.2,2.84,0.1359,1.0,0.0229,0.1052
Odisha,Mayurbhanj,34.62,2,Excellent,461,-1.2010865930918069,-1.7882155504383803,0.6341,0.3258,99.8,2.0,0.1141,1.0,0.0401,0.1053
Arunachal Pradesh,Changlang,34.61,2,Excellent,462,-0.7644783863359722,-0.8896573623777889,0.6422,0.2932,97.5,0.91,0.0842,0.8782,0.0645,0.3569
Maharashtra,Gadchiroli,34.57,2,Excellent,463,-1.9251323265280313,0.051005540399642196,0.6272,0.2787,84.9,2.64,0.0796,1.0,0.0941,0.0785
Rajasthan,Banswara,34.51,2,Excellent,464,-2.4893902008234767,0.11761290852585392,0.6307,0.2705,80.5,2.69,0.103,0.78,0.0988,0.1294
Madhya Pradesh,Balaghat,34.19,2,Excellent,465,-3.0053766691638266,0.0640974119112882,0.6621,0.2309,86.8,2.43,0.1331,0.4386,0.1071,0.3211
Meghalaya,West Garo Hills,33.86,2,Excellent,466,-1.6888963552241611,-1.2351890574389204,0.6166,0.2998,98.4,2.53,0.1301,1.0,0.0836,0.1255
Odisha,Kandhamal,33.58,2,Excellent,467,-1.586058471505536,-0.7989308982849406,0.6034,0.3064,89.2,2.16,0.1155,1.0,0.0903,0.1408
Odisha,Malkangiri,33.4,2,Excellent,468,-5.171614341779525,-0.4203813721864887,0.7288,0.2289,71.4,4.65,0.1415,0.3561,0.0424,0.2316
Gujarat,Narmada,33.37,2,Excellent,469,-1.800057720156127,-1.3964206346030228,0.6531,0.2978,96.3,2.49,0.1076,1.0,0.0491,0.1204
Nagaland,Mon,33.29,2,Excellent,470,-1.0990944238396485,-1.0904076060813628,0.5947,0.3031,97.5,1.6,0.1284,1.0,0.1022,0.3216
Chhattisgarh,Sukma,33.23,2,Excellent,471,-3.1789389908754595,0.03580048960269392,0.6549,0.2614,75.9,3.88,0.0875,1.0,0.0837,0.2226
Nagaland,Mon,33.12,2,Excellent,472,-2.1758221313993475,-0.7961333795195578,0.6705,0.2734,90.5,2.77,0.0857,1.0,0.056,0.2213
Maharashtra,Gadchiroli,33.02,2,Excellent,473,-0.53503352606009,-0.3965274057720365,0.6053,0.2912,93.6,0.65,0.0844,1.0,0.1035,0.3048
Jharkhand,Khunti,32.82,2,Excellent,474,-2.2005350918943436,-0.12891063695948854,0.5911,0.2718,88.8,2.88,0.1298,1.0,0.1372,0.1092
Jharkhand,Simdega,32.81,2,Excellent,475,-1.3611525287142958,-1.2276372900401769,0.611,0.3015,96.4,1.84,0.1261,1.0,0.0875,0.2774
Himachal Pradesh,Kinnaur,32.57,2,Excellent,476,-1.2095390652943774,-1.393132933712779,0.6153,0.3174,89.1,1.39,0.1141,1.0,0.0673,0.5232
Assam,Kokrajhar,32.34,2,Excellent,477,-4.901666252135374,-0.8849889367089661,0.7302,0.2275,81.3,4.54,0.1536,0.4314,0.0423,0.1417
Jharkhand,West Singhbhum,32.25,2,Excellent,478,-1.7873648308526402,-0.30369588618504556,0.592,0.2753,91.6,2.26,0.1272,0.9972,0.1327,0.1381
Kerala,Idukki,32.23,2,Excellent,479,-3.693982847131054,-1.1664759796077941,0.674,0.242,87.6,4.51,0.1395,1.0,0.0839,1.0339
Odisha,Rayagada,32.12,2,Excellent,480,-3.593558905306693,0.6509207984801197,0.6842,0.2025,70.0,3.85,0.0673,1.0,0.1132,1.3167
Jharkhand,Latehar,31.95,2,Excellent,481,-2.9823807633843504,-0.37222307465891996,0.6635,0.2432,89.4,3.67,0.1071,1.0,0.0933,0.1954
Jharkhand,Khunti,31.87,2,Excellent,482,-4.085473553281986,1.5842760771142599,0.6697,0.1866,71.0,4.2,0.0808,0.8111,0.1437,0.1739
Nagaland,Tuensang,31.84,2,Excellent,483,-2.1583894606763163,-1.6638203377352738,0.6398,0.3022,89.8,2.56,0.1318,1.0,0.058,0.4884
Jharkhand,Latehar,31.78,2,Excellent,484,-2.3230744643260195,-0.061983869545722346,0.6757,0.2477,83.4,1.99,0.0802,0.793,0.0766,0.2191
Odisha,Malkangiri,31.78,2,Excellent,485,-3.0441951146938235,-1.3398236969109065,0.6694,0.2667,94.7,3.79,0.1349,0.9701,0.0639,0.1208
Telangana,Komaram Bheem,31.74,2,Excellent,486,-1.8027138565074479,1.14804361522197,0.6026,0.2387,80.3,1.89,0.074,1.0,0.1587,0.1733
Tripura,Dhalai,31.68,2,Excellent,487,-1.7165258485512025,-1.508973121765734,0.6376,0.2971,96.0,2.1,0.1248,1.0,0.0653,0.2148
Chhattisgarh,Sukma,31.17,2,Excellent,488,-4.517812896446683,1.266397193032447,0.7233,0.1867,64.3,3.56,0.0764,0.488,0.09,0.1157
Jharkhand,Khunti,31.14,2,Excellent,489,-2.4207762320285235,-2.2304669071331698,0.6776,0.3124,91.0,2.83,0.1245,1.0,0.01,0.1935
Jharkhand,West Singhbhum,31.05,2,Excellent,490,-3.0811085523662474,-0.8162966245947396,0.7092,0.251,86.3,3.52,0.0829,1.0,0.0398,0.159
Madhya Pradesh,Alirajpur,30.98,2,Excellent,491,-3.6944866059189008,0.13689258055478257,0.6744,0.2308,74.5,2.79,0.1275,0.5089,0.0949,0.1571
Madhya Pradesh,Balaghat,30.78,2,Excellent,492,-3.6656973675898756,-0.4090143620286985,0.6637,0.2531,76.9,3.44,0.1328,0.7332,0.0832,0.1114
Assam,Kokrajhar,29.6,2,Excellent,493,-2.9715622573597105,-0.758156946047027,0.7196,0.2546,80.3,2.98,0.0663,1.0,0.0258,0.1469
Chhattisgarh,Kanker,29.57,2,Excellent,494,-2.2411584100693664,-3.029565771316357,0.6843,0.3184,99.2,2.49,0.1492,1.0,0.0,0.2446
Uttarakhand,Chamoli,26.9,2,Excellent,495,-3.6643663962437465,-0.8973817248432043,0.665,0.2555,77.2,3.54,0.1342,1.0,0.0794,0.1357
Jharkhand,Latehar,26.3,2,Excellent,496,-4.487374312813006,-0.034566837731205155,0.6863,0.2033,75.1,4.44,0.1231,1.0,0.1104,0.2328
Himachal Pradesh,Kinnaur,25.14,2,Excellent,497,-3.238609882645855,-2.186201836728013,0.7021,0.2686,88.8,2.86,0.1435,1.0,0.0293,0.1488
Odisha,Nabarangpur,24.34,2,Excellent,498,-2.670490868073506,-0.8235926353266961,0.6817,0.2438,79.7,1.72,0.1037,1.0,0.0745,0.2667
Meghalaya,East Garo Hills,22.58,2,Excellent,499,-4.0176411576432765,-1.303972785183857,0.7088,0.2391,74.2,3.03,0.1326,0.9541,0.0521,0.1617
Meghalaya,West Garo Hills,7.61,2,Excellent,500,-5.376200346621045,-2.871886878511216,0.7994,0.1921,70.8,2.32,0.1736,1.0,0.0085,0.122
