TotalClaimsReceived,ClaimsApproved,ClaimsRejected,ClaimsPending,AverageProcessingTime_Days,IFR_Count,CFR_Count,TribalPopulation_Percent,NumberOfVillages,ForestDependentPopulation,ForestCover_Percent,ForestLoss_Percent,EncroachmentReports
68263,33828,9379,25056,109.4,31348,1063,64.93,1230,417363,62.58,1.77,118
7810,4338,642,2830,100.5,4005,299,59.66,485,73910,61.98,0.37,114
22427,14687,1877,5863,75.9,14017,823,40.93,786,167942,28.16,3.88,175
15514,8522,2352,4640,89.2,7693,790,14.47,1469,88256,44.87,2.63,151
26830,16227,3219,7384,86.0,15807,1268,59.18,1229,317956,40.91,3.92,156
42638,23718,2348,16572,105.3,21869,1036,66.29,819,274103,65.03,1.82,120
7506,5470,318,1718,71.4,4955,266,17.49,747,38663,21.82,4.65,173
24560,15419,1637,7504,103.1,14569,780,24.84,1171,141444,50.9,3.84,178
13210,7238,1915,4057,93.7,6532,513,36.32,497,86239,54.64,2.22,138
20726,11613,1417,7696,103.4,11269,812,50.61,848,191155,58.94,2.54,131
47487,27945,7674,11868,90.2,26105,2387,25.35,1463,305371,37.92,2.84,104
8211,5231,950,2030,90.0,5002,256,5.0,1348,64524,31.46,3.75,172
36511,21581,5008,9922,88.8,20518,1606,54.63,1236,166202,41.04,2.88,135
9988,4282,1212,4494,131.4,3990,365,95.0,302,87695,94.32,1.41,135
22718,11835,979,9904,119.9,10742,1127,93.68,759,204982,82.02,1.38,154
15097,6870,2397,5830,108.5,6722,421,64.64,572,96904,73.05,1.94,180
43708,26329,0,17782,115.2,25564,2169,56.26,1283,342909,63.77,1.12,119
23606,14664,1496,7446,95.0,14033,571,60.86,1013,150529,54.37,3.34,167
17157,10603,0,6773,113.5,10043,1042,74.27,500,110018,73.69,1.43,170
10825,7167,1159,2499,86.8,6890,168,16.27,383,53862,26.29,2.43,123
63771,33249,7693,22829,100.3,32188,1507,67.14,1160,455685,61.79,2.53,155
16549,9760,253,6536,109.0,9328,743,58.46,785,99633,63.93,1.84,138
27097,13308,2186,11603,116.3,12006,882,65.3,1020,296398,69.32,1.43,163
28297,16547,4390,7360,82.5,15583,1350,36.73,1313,173907,42.49,3.75,154
18068,7732,2206,8130,121.7,7419,309,95.0,922,183282,95.0,0.2,117
81791,40243,10056,31492,112.3,39227,2859,90.63,1181,576286,72.6,1.21,150
42526,20791,5563,16172,119.2,18868,933,88.11,1199,416065,73.24,0.69,114
33961,21029,1619,11313,102.3,19556,1473,44.01,1377,250100,62.38,2.94,173
49249,29437,2701,17111,95.4,28088,1938,35.37,891,232093,50.84,3.2,176
51638,24611,6146,20881,120.3,23813,538,63.93,1291,480756,74.72,1.43,134
78205,41761,11762,24682,105.9,40092,3530,62.14,1198,427562,55.36,2.93,143
68773,41464,0,28198,114.3,37659,3823,80.55,762,343563,67.42,1.28,166
7619,3955,549,3115,112.9,3773,231,68.64,276,35574,63.08,2.63,138
55758,33823,5387,16548,95.4,31778,832,59.04,1047,300858,52.38,2.88,140
43319,23684,2464,17171,109.4,22122,895,48.82,757,245680,62.33,1.95,176
22188,12829,1822,7537,102.6,12153,616,55.89,438,110477,46.77,3.03,153
35676,18256,3676,13744,104.6,16512,538,84.57,813,373316,66.94,1.65,155
9671,4716,767,4188,121.4,4547,463,65.39,289,65846,79.56,0.35,130
6504,4302,0,2354,101.9,4181,101,51.64,146,36667,58.83,1.44,166
14284,6686,2398,5200,103.7,6159,326,52.78,767,137672,66.43,2.95,155
35134,20181,2000,12953,100.3,19668,1801,89.55,851,169298,63.81,2.99,131
19770,9773,1770,8227,107.7,9240,245,78.59,323,148941,67.46,2.78,144
43004,19936,5212,17856,114.1,19463,1365,61.85,870,229163,81.22,0.2,145
11236,7182,525,3529,90.5,6932,699,24.32,1195,75036,52.37,2.31,158
43101,19236,6735,17130,116.2,17334,924,43.73,1018,258333,76.63,1.72,143
60175,30847,5804,23524,110.9,29483,2582,72.72,1431,420436,67.26,2.06,173
7644,4524,554,2566,103.8,4283,235,57.56,304,47439,54.72,0.61,105
53686,24839,6913,21934,106.1,23040,1187,39.95,1318,248279,65.71,2.12,160
15669,9719,1352,4598,96.4,9235,257,12.08,1169,104130,37.38,3.16,171
25964,14792,1522,9650,106.1,13592,1195,52.75,1380,158686,54.44,2.53,167
39980,22405,3885,13690,99.7,20599,930,63.0,1018,258779,54.96,1.49,107
4317,3044,0,1286,92.0,2860,82,33.77,225,21095,38.72,3.77,160
15401,8206,1440,5755,116.4,7712,380,46.19,694,121041,68.53,2.25,122
8981,5225,1028,2728,90.6,4736,323,42.66,723,84638,38.01,2.66,171
10319,5781,1260,3278,97.1,5632,373,50.22,174,53089,46.06,2.27,127
31703,18227,2076,11400,104.4,17523,491,41.75,1241,293740,55.75,3.58,190
22317,14012,1447,6858,97.5,13374,1132,72.64,1001,225848,51.73,1.95,133
9341,5945,969,2427,87.5,5693,141,19.6,417,68093,26.43,2.68,153
45530,23647,3542,18341,119.8,22941,1215,70.26,1414,234646,73.53,2.98,162
14601,8249,3116,3236,73.6,7775,208,41.47,521,103246,27.58,4.42,149
12737,8690,1061,2986,74.2,8442,722,17.65,1302,128016,27.94,4.6,140
44888,28463,1799,14626,99.8,26838,1431,71.61,1377,249426,59.4,2.0,145
54429,27980,1956,24493,121.5,26396,1123,95.0,1280,300522,83.82,1.89,143
21143,11841,1591,7711,111.8,10752,479,58.41,811,175738,68.4,1.75,149
15948,7489,1921,6538,114.5,6851,651,79.1,1113,168598,79.18,0.66,128
38548,23291,3978,11279,100.4,21734,2074,65.76,1068,354366,50.87,3.51,148
19906,10192,1938,7776,109.4,9514,949,71.81,739,138878,67.7,1.4,149
30888,18088,3577,9223,92.9,16712,810,34.66,1207,195469,50.96,3.36,145
8220,5509,0,2755,102.9,5299,309,43.66,769,96579,62.48,0.99,125
19053,11077,2057,5919,101.4,10764,688,79.92,930,150253,52.22,2.24,167
26514,16462,648,9404,107.3,15548,1278,79.44,542,162363,50.92,0.95,161
24910,10163,4889,9858,120.3,9661,801,80.0,551,249724,77.2,0.42,111
12636,5716,1954,4966,114.7,5414,236,61.61,181,64988,70.66,0.81,132
16600,9389,1813,5398,92.9,9190,541,13.36,1039,76701,49.98,2.71,146
10706,4664,1677,4365,119.8,4533,351,89.03,336,96872,79.29,2.52,181
4964,2730,258,1976,121.0,2459,84,81.93,140,31504,75.43,1.61,171
38265,13295,7751,17219,130.1,12015,442,87.41,920,183951,93.15,0.2,117
7120,4316,560,2244,103.0,4212,223,26.31,248,50423,46.6,3.02,127
12874,8119,1272,3483,80.5,7524,663,19.9,850,78836,35.7,2.69,110
37718,20681,64,16973,122.2,19919,1556,54.3,1038,261291,75.29,0.76,124
35876,17782,1950,16144,115.8,16077,1308,80.69,473,165115,80.3,1.57,164
7568,4859,620,2089,91.9,4701,221,15.95,434,62229,31.78,3.96,124
8465,3976,1976,2513,93.7,3760,335,26.9,287,41518,46.15,3.73,163
17865,9457,369,8039,126.5,9266,454,57.91,592,158644,76.88,1.19,148
38151,19194,1790,17167,119.3,17279,1101,95.0,1362,410945,78.37,0.2,163
13621,5169,2323,6129,128.1,4742,496,68.34,531,62402,82.15,0.2,117
93368,48268,6099,39001,109.3,44331,4172,74.69,1425,452103,67.67,1.09,119
21108,13673,184,7251,96.7,12474,1165,46.68,605,163611,51.97,1.94,125
54106,22441,7318,24347,130.8,21912,1996,95.0,1480,266738,91.38,0.2,151
11197,6443,1194,3560,103.0,6294,185,37.99,1083,138735,48.84,2.64,174
58285,25482,7899,24904,122.7,24559,1851,73.15,1446,333206,69.25,1.91,180
57291,26383,5574,25334,126.2,25773,1510,71.41,1468,604231,72.92,1.83,130
9591,5234,1149,3208,103.4,4968,515,44.16,181,48812,57.89,2.11,127
13974,6377,1309,6288,128.9,5939,219,67.91,774,116776,87.38,0.37,161
51378,28946,4986,17446,108.0,27489,684,65.37,1447,286800,57.98,1.54,164
27264,16803,1497,8964,99.8,15124,549,62.34,1130,139810,57.15,1.78,163
22410,12487,948,8975,113.7,12188,400,80.97,1198,244839,74.66,2.32,184
66116,31699,6167,28250,116.7,30342,2061,91.93,1380,364439,69.46,2.04,162
25126,14346,2329,8451,106.6,13249,1333,46.62,1432,175080,48.16,2.61,129
19370,8668,1986,8716,125.5,8354,388,87.76,620,130158,92.67,0.2,113
91136,58990,32,32114,105.6,57375,4597,51.54,1489,503336,49.04,3.14,136
17578,11244,30,6304,109.0,10184,705,58.26,691,160609,50.84,1.93,119
22599,13313,1413,7873,106.7,12160,377,45.58,1226,141730,63.1,2.34,160
110475,70605,2534,37336,101.2,66280,5144,56.19,1493,519571,52.25,2.84,157
52229,24974,4439,22816,116.5,22914,2449,52.98,1250,286309,71.78,1.02,130
5390,2310,761,2319,117.9,2170,61,67.37,406,65013,76.72,2.12,144
29244,19577,1868,7799,94.7,18161,972,28.11,1002,145092,38.16,3.79,121
7699,4529,0,3295,114.3,4313,450,59.49,519,56873,71.16,2.75,160
2844,1946,322,576,70.0,1788,190,41.55,120,28903,27.08,3.85,158
9156,6242,682,2232,79.7,5813,608,21.99,480,60211,37.69,1.72,128
9140,4829,991,3320,101.2,4519,355,77.15,400,80995,64.21,2.59,150
6849,3515,510,2824,120.2,3390,234,66.76,412,66202,66.2,3.35,155
48912,30557,3703,14652,88.5,28741,712,48.46,1068,231674,48.57,2.51,169
38982,16759,7435,14788,103.5,15251,513,57.79,1308,337240,64.2,2.02,176
25156,15666,1661,7829,104.3,14967,1363,40.35,1464,144444,54.26,2.16,149
12530,6120,772,5638,121.7,5613,444,95.0,402,148724,81.42,1.29,164
37987,21005,4848,12134,102.5,19087,1513,61.05,1109,305035,54.09,2.46,168
26273,13602,2339,10332,109.8,12248,625,73.03,496,186360,67.43,1.73,143
10740,5825,1209,3706,104.0,5541,470,37.3,404,75522,62.9,1.67,141
16405,10809,966,4630,95.9,10439,588,22.39,882,104546,40.14,3.78,126
3653,1830,464,1359,104.9,1684,78,57.59,150,17329,63.35,1.61,161
13521,7717,2416,3388,85.2,7365,266,16.76,769,114424,39.02,2.87,147
19477,11790,2016,5671,93.6,10613,837,58.21,397,139687,50.55,0.65,121
50098,24099,5701,20298,121.0,23193,1011,66.59,1083,253562,76.56,1.77,147
19149,11478,1378,6293,96.2,10821,393,41.53,1092,188821,52.71,2.08,124
39576,23338,4281,11957,94.4,22302,1221,66.17,1068,242462,52.81,2.36,151
51752,27747,1414,22591,123.3,25786,1317,66.38,1290,442008,81.11,2.32,161
14526,7572,898,6056,119.5,7011,353,64.87,527,93358,73.57,1.99,186
14405,6089,1834,6482,119.2,5789,489,68.9,453,113698,85.81,0.84,144
48404,23718,6673,18013,110.2,23229,2233,79.98,1135,279656,69.99,0.37,149
98742,46539,9105,43098,118.2,42120,1368,95.0,1077,491121,85.93,2.68,159
15750,9491,2500,3759,80.3,8933,887,24.27,860,128286,27.66,1.89,149
38461,24245,575,13641,99.6,23219,758,47.3,1362,247244,58.02,2.97,175
71100,41301,5741,24058,100.9,40219,2435,46.32,1329,418887,47.35,2.79,167
17762,11107,1422,5233,91.5,10273,671,55.21,1001,135126,45.01,2.79,118
8232,5287,531,2414,97.5,4847,310,30.81,353,62810,49.48,0.91,126
22793,13679,2984,6130,81.7,12987,966,43.03,1222,120233,33.41,2.88,122
14516,7678,2590,4248,96.2,7164,661,43.14,519,103950,45.81,2.53,155
5883,3155,691,2037,98.3,2893,66,54.4,504,50557,55.9,2.52,178
23993,13510,3928,6555,92.1,13093,533,35.12,799,160054,45.76,2.35,151
50836,28600,1474,20762,108.1,26322,2495,75.24,653,248112,73.35,0.44,161
38270,19715,2489,16066,125.6,19135,560,95.0,901,267591,75.94,1.0,142
6392,2315,1290,2787,128.1,2267,226,70.86,507,75221,79.79,1.16,168
32216,22835,1677,7704,74.2,21249,832,33.47,872,172271,27.29,3.03,141
25271,11400,3012,10859,126.4,10363,671,67.83,477,123025,77.95,0.81,146
17673,9856,2346,5471,102.6,9216,680,33.53,621,84186,48.76,1.54,114
16131,8293,2021,5817,105.8,7635,526,50.57,785,73680,52.58,3.28,144
6839,4208,460,2171,89.1,3823,314,29.13,302,36881,44.82,1.39,158
36918,22810,3890,10218,95.5,21560,1713,31.08,1167,236789,43.25,4.92,172
18341,10868,1541,5932,101.6,9949,982,42.55,461,94718,55.31,2.51,133
44738,26340,0,19668,112.0,25475,2281,70.18,1022,337557,72.95,3.45,194
43990,20848,3545,19597,116.2,20064,779,70.48,1114,292711,78.51,0.32,152
12339,7211,1536,3592,92.7,6813,467,46.68,372,83751,41.2,3.09,155
4107,2368,200,1539,112.4,2317,87,42.5,159,24288,58.78,1.41,143
3192,2001,185,1006,97.5,1960,189,36.91,212,34548,44.11,1.7,128
26226,14381,282,11563,118.7,13155,704,79.42,498,132743,78.47,0.2,112
27444,18157,632,8655,94.0,16611,1529,57.82,662,235981,42.01,2.74,144
17972,8716,1169,8087,118.4,8173,183,54.45,740,221925,75.39,0.43,117
38380,23754,1882,12744,94.9,22305,538,72.73,1005,205999,61.71,1.7,161
33890,20423,2743,10724,95.0,19911,493,57.03,1193,408044,47.91,2.67,130
29637,15895,4642,9100,104.4,15174,1011,70.89,1083,240530,54.99,3.55,137
28880,16986,3000,8894,100.5,15512,1624,75.24,522,185017,47.3,1.97,145
10680,7152,1535,1993,71.0,6996,597,7.74,736,88501,19.55,4.2,128
55525,29547,2038,23940,117.1,28650,1155,57.57,1191,363589,70.2,1.29,180
40979,24528,2297,14154,108.3,22821,2012,53.78,1167,273757,49.91,1.9,124
10955,7402,839,2714,83.4,7192,456,18.38,575,92293,38.04,1.99,126
42549,23462,3897,15190,101.9,22343,754,62.6,976,358264,51.37,2.02,152
60514,31890,4692,23932,116.0,31244,3137,55.48,1139,409018,72.41,0.89,117
14655,8518,1607,4530,97.3,8250,728,42.93,295,71619,53.53,2.04,148
31995,21463,1267,9265,83.1,20218,848,48.93,1042,258095,34.8,2.81,116
14739,8313,552,5874,112.2,7716,725,43.03,645,103041,67.23,2.64,190
4421,2676,150,1595,100.6,2423,70,36.93,371,35631,50.4,1.67,164
6906,4465,338,2103,95.0,4292,370,43.1,632,56359,38.73,3.21,135
10228,4688,1637,3903,115.2,4267,248,60.45,506,76013,67.78,1.15,138
14700,8040,1216,5444,97.7,7720,678,54.01,369,123318,54.38,2.88,186
45871,22215,8971,14685,92.0,20114,912,36.29,1498,271571,57.63,1.91,140
23643,13935,225,9483,107.6,12748,366,71.6,920,193818,62.43,3.25,186
29813,15578,5148,9087,101.5,15153,1145,56.66,593,194855,54.33,2.47,163
24461,10310,3144,11007,125.3,9419,988,68.07,431,168677,92.71,0.2,159
9977,5708,0,4489,124.6,5411,453,83.03,447,74556,85.91,0.56,154
12476,6806,964,4706,101.7,6305,398,52.89,672,144422,54.89,1.7,152
27706,16360,3608,7738,87.6,15297,613,37.11,752,138825,40.57,3.59,121
27469,15054,1470,10945,119.2,14142,1146,71.59,916,286327,62.13,0.2,109
4111,2771,345,995,87.6,2676,267,40.83,118,19858,34.36,4.51,122
26198,14467,2617,9114,95.6,13946,1056,45.34,1104,305773,53.67,2.78,158
8053,4223,489,3341,107.8,3922,285,73.39,431,62110,70.18,1.84,163
25451,11857,4605,8989,106.2,11071,517,59.13,870,262712,68.07,1.68,145
19932,13215,1145,5572,95.4,11975,837,15.81,1402,222877,41.81,2.64,143
16972,9036,3210,4726,91.8,8400,615,43.76,294,81470,37.97,2.55,147
17253,10789,1746,4718,93.2,9715,548,33.18,1032,199998,40.8,1.27,125
40006,17936,6746,15324,110.7,16442,1686,79.44,1327,422295,73.78,1.39,137
9655,6177,560,2918,89.8,5967,609,38.24,344,46867,43.51,2.56,168
44402,35496,376,8530,70.8,32647,3091,24.21,1107,204415,24.66,2.32,135
7586,4366,787,2433,97.3,4132,135,37.8,440,64383,53.25,2.73,154
4937,3552,312,1073,82.4,3404,113,5.0,372,40445,25.14,3.24,145
34972,14132,5103,15737,133.9,13246,321,88.29,1263,189634,93.59,0.38,171
37364,19417,7270,10677,92.0,18658,988,36.81,919,230047,47.38,1.96,130
41697,24303,0,18186,112.2,22799,2422,76.12,1073,293471,72.91,2.71,139
14066,8575,791,4700,99.2,8352,184,27.31,939,69062,51.02,0.2,130
11823,5326,1548,4949,126.7,5201,110,74.04,419,90796,80.44,1.67,164
8893,4614,1425,2854,104.9,4498,395,44.29,746,69559,60.14,2.14,162
40136,23861,2414,13861,93.9,22576,1809,42.62,1388,336582,53.7,0.83,105
18865,8608,2348,7909,122.2,8206,317,62.81,474,165611,70.62,1.41,144
15194,9306,1743,4145,87.8,8400,345,39.22,1150,93993,43.82,3.77,165
25702,13586,2829,9287,109.9,12490,1047,66.96,643,158639,56.68,2.32,168
102726,38746,17754,46226,123.1,37424,3012,76.2,1328,567891,95.0,0.2,136
24854,9785,3885,11184,127.2,8871,924,69.14,393,153749,75.78,0.87,128
64098,26509,9013,28576,113.3,25289,776,76.39,711,302327,72.73,0.41,147
15432,8084,2774,4574,87.3,7781,578,38.15,334,71695,52.0,3.25,139
35014,16329,6772,11913,108.8,15698,870,55.01,1478,320521,64.02,0.67,147
62087,37462,5604,19021,89.2,35924,3670,67.44,1051,324262,54.08,2.16,148
38385,20553,2025,15807,111.5,18661,1542,95.0,1375,221417,72.08,1.87,179
17107,9381,605,7121,123.7,8450,535,65.07,497,114817,72.17,0.2,136
16631,8791,2344,5496,99.0,8170,303,31.38,1279,150138,54.97,2.36,134
20101,10906,1024,8171,117.6,9835,1002,79.88,618,152235,64.7,1.81,169
19186,13167,2119,3900,75.1,11913,970,9.53,743,106938,21.36,4.44,173
58170,34436,7721,16013,91.6,31531,1076,58.76,1079,270828,44.32,2.26,149
14208,7592,2409,4207,92.8,7390,328,32.77,555,105764,47.13,3.32,172
2440,1364,279,797,106.9,1310,65,48.6,104,21748,55.68,1.78,164
21575,10704,3017,7854,100.7,10015,393,68.09,545,137843,67.7,1.55,162
13095,7615,809,4671,111.3,6986,431,46.42,371,87448,58.73,1.97,125
59298,32105,4502,22691,111.6,29529,2287,38.55,1396,387558,61.3,0.94,117
12749,5838,1281,5630,126.6,5630,138,84.68,185,64731,79.37,2.05,143
21060,12719,113,8228,120.2,11741,659,82.75,889,250469,75.31,1.04,170
4453,2576,839,1038,80.3,2522,131,28.12,728,50566,25.84,3.37,131
30118,14665,4922,10531,99.4,13804,1183,38.92,1316,149583,55.81,3.8,156
14097,6520,2500,5077,99.2,6022,440,51.22,231,68953,64.95,1.92,153
6842,4713,518,1611,80.3,4552,288,26.88,520,73332,31.82,4.0,117
25516,13118,2183,10215,108.1,12043,581,62.37,962,136325,60.63,2.0,137
100938,45632,12411,42895,127.7,41526,2142,79.35,1466,491317,80.81,1.55,147
20913,11664,1458,7791,108.2,10653,961,69.11,409,121208,58.95,1.41,168
3135,1973,281,881,85.6,1929,110,23.23,252,19796,46.87,3.42,128
8460,4856,709,2895,106.3,4416,394,46.64,862,84685,62.41,0.99,126
35965,21605,3262,11098,100.8,19464,1648,17.39,1223,196722,40.37,2.92,143
61824,34586,4575,22663,110.4,33514,1187,70.48,1001,287042,57.28,1.61,145
15440,9889,815,4736,95.8,9530,395,35.07,1212,125156,43.24,2.52,145
27026,16459,1806,8761,94.5,15969,1126,56.39,1249,253062,52.44,2.27,133
12510,7681,739,4090,93.2,7325,542,50.08,825,142290,48.91,2.43,139
39783,23264,4154,12365,98.3,21957,2287,46.73,1152,187854,55.64,2.18,119
16757,11450,66,5241,89.5,10808,860,28.06,1327,101705,45.58,2.82,152
10196,5306,2049,2841,94.2,5185,212,52.67,247,60944,49.37,3.2,156
1567,1091,21,455,97.1,1063,22,23.5,199,19529,48.36,1.8,137
35766,22052,2991,10723,98.4,21127,1529,44.93,980,169449,50.54,2.53,123
5672,2838,361,2473,116.4,2653,282,54.5,153,27723,78.76,1.3,155
5428,2356,719,2353,120.8,2167,58,79.39,138,26760,83.0,0.3,154
15089,6719,1580,6790,123.2,6199,557,87.3,437,119166,87.35,1.35,157
55990,25574,10356,20060,110.3,24848,1875,74.55,820,346000,62.2,2.12,144
41334,21883,5473,13978,104.1,20428,1313,28.23,1311,275709,48.87,2.65,155
4240,2374,463,1403,93.3,2186,77,62.93,234,28505,49.62,3.67,134
35244,22470,2302,10472,96.0,21884,1246,65.85,554,180085,54.12,2.1,119
8147,4810,439,2898,99.6,4472,200,49.57,252,73903,56.3,2.67,142
26047,14324,1555,10168,104.9,13394,986,45.51,524,149040,62.63,2.0,162
21350,12725,1271,7354,102.8,12256,556,66.11,594,152343,55.48,2.55,140
17248,8663,1586,6999,107.5,8217,343,86.44,598,133092,71.06,1.2,139
22451,15363,0,7148,99.2,14661,813,40.26,511,102955,42.17,2.49,125
25199,15084,1705,8410,98.1,14105,1484,65.6,1029,118689,44.78,4.31,145
54440,26537,4104,23799,116.8,25217,1992,69.98,1437,392508,78.08,0.48,113
80634,30844,13505,36285,128.4,28873,1069,60.61,1216,407111,78.95,0.9,173
11251,6142,2022,3087,94.2,5763,212,39.0,641,136922,47.76,2.07,150
7412,3315,1516,2581,97.5,3076,165,62.21,181,38501,62.67,2.36,140
70979,39118,0,31940,115.6,36374,2760,90.23,1245,337836,76.31,0.86,126
64371,39225,3565,21581,102.2,35742,2890,57.08,1324,339737,53.46,2.83,165
5774,3593,413,1768,95.5,3456,316,46.14,319,56494,47.89,1.43,143
5398,3178,1005,1215,79.7,2968,294,40.03,366,49839,32.01,2.77,109
15940,8921,1481,5538,106.6,8409,632,59.45,495,111387,55.87,2.64,134
40106,22185,231,17690,113.8,21316,776,80.95,1022,342649,74.71,1.69,170
16588,11764,660,4164,86.3,11180,1042,34.83,868,141833,26.27,3.52,138
39553,22869,4654,12030,101.7,20705,631,56.36,554,202258,44.5,3.29,139
9379,3921,1723,3735,119.6,3830,358,70.14,557,64588,73.21,1.85,146
4236,2348,452,1436,103.9,2186,59,34.37,306,52470,56.75,2.69,164
54900,27573,8795,18532,99.4,26212,1586,38.22,1399,272352,52.02,1.28,132
17438,10174,620,6644,110.3,9923,339,52.58,1137,121380,67.79,2.55,168
31246,14177,3617,13452,120.4,12807,941,75.23,557,169184,83.55,1.85,185
10014,6594,0,3774,112.9,6271,634,58.38,474,69786,56.02,1.83,152
17937,8977,2113,6847,118.0,8515,812,63.89,975,205516,73.74,0.95,147
55259,31126,5956,18177,104.0,28512,1160,63.58,1362,416860,59.73,2.17,148
16093,8775,539,6779,108.8,7957,446,66.64,984,126779,66.56,1.92,139
44157,29892,118,14147,87.1,27299,871,51.46,1481,488066,40.39,0.95,104
21335,11457,2555,7323,106.1,10368,422,65.87,1216,217369,52.34,1.35,113
31867,17933,1080,12854,112.8,16336,1191,72.62,1499,215560,64.77,0.33,113
16027,10152,1398,4477,94.9,9476,575,26.47,1466,111037,48.7,2.13,135
7303,3467,849,2987,116.7,3256,275,77.59,205,47020,78.37,1.76,151
8703,4381,1066,3256,113.3,4259,399,46.51,326,89498,63.26,3.19,163
11279,4404,1929,4946,115.5,4013,289,56.89,369,100548,76.41,1.87,146
39059,26442,1253,11364,99.1,25459,1063,42.84,837,237387,45.31,4.36,184
18770,9033,3096,6641,101.8,8761,361,79.76,448,179597,64.09,2.34,118
8853,4883,808,3162,113.5,4509,190,60.92,375,78702,65.31,0.4,152
70881,42678,2312,25891,109.7,40073,2321,69.03,1234,487062,68.23,1.42,170
40845,19218,5458,16169,105.8,18016,1573,44.48,1217,234187,65.57,2.24,163
28745,15539,3216,9990,98.0,14046,1211,69.46,748,280454,62.14,1.55,144
31941,19561,2697,9683,98.8,17934,1262,38.71,1444,295812,42.76,2.35,158
13404,8313,447,4644,111.4,7711,186,51.03,713,68475,61.95,2.01,153
10369,6198,408,3763,112.1,5829,297,52.68,372,96977,58.75,0.87,123
75482,35091,8590,31801,123.5,32314,1665,93.85,1076,451516,76.47,0.99,172
13492,8820,1095,3577,93.9,8178,493,45.63,999,130891,40.83,2.17,110
81192,44673,7441,29078,109.9,40230,1652,60.29,1483,392975,68.42,2.14,141
42102,20876,5123,16103,111.9,20007,1987,73.64,951,347063,66.82,1.4,165
22572,13512,1315,7745,103.1,12338,396,46.68,983,151501,57.11,0.84,152
16665,10495,0,6843,105.8,9780,484,80.27,190,85491,64.7,2.41,180
19969,11326,2095,6548,103.5,11004,936,52.55,1360,152886,57.46,1.46,140
22164,12234,2363,7567,105.5,11059,296,47.73,816,182442,58.41,2.44,145
31717,19042,2416,10259,103.0,17672,933,66.13,860,243440,51.32,2.78,137
14023,10143,1262,2618,64.3,9762,426,24.61,873,132828,11.45,3.56,101
8765,3909,2154,2702,97.6,3723,381,44.33,506,103641,53.86,1.78,145
41487,24453,3380,13654,105.4,22460,1821,52.3,986,220325,49.32,2.39,117
18890,11156,2801,4933,82.8,10627,285,42.26,1450,199219,31.78,1.98,106
21555,13959,665,6931,95.8,12917,1360,61.35,1313,194523,58.48,2.2,129
19471,13223,1743,4505,83.7,12353,1038,9.88,1248,142699,24.29,5.09,136
14360,5264,3504,5592,119.0,4968,220,58.04,593,76576,72.37,1.4,127
27045,13868,1893,11284,120.7,12864,1021,58.06,1229,124649,69.74,1.85,182
47959,19266,10372,18321,117.0,17644,486,81.93,878,253452,69.42,0.44,126
6625,3959,0,2812,110.1,3589,203,72.05,380,63752,68.16,1.21,120
7749,3514,751,3484,117.3,3241,148,75.97,198,39495,87.14,0.86,175
8798,5402,890,2506,90.5,5033,528,47.24,582,54426,39.45,3.0,129
20517,10426,3563,6528,91.7,9648,424,34.61,1386,135122,55.11,2.0,113
10126,6115,616,3395,100.1,5740,461,26.16,499,58607,49.27,2.95,135
16461,9465,2482,4514,81.1,9033,232,41.62,1434,163157,40.4,1.9,121
32181,16444,6061,9676,101.3,14945,1181,36.09,929,250877,52.73,1.49,145
24858,13660,3059,8139,105.8,12589,361,57.87,1173,243986,48.43,3.64,138
24195,9945,3722,10528,122.3,9479,597,67.1,540,142911,76.42,0.2,110
26913,18149,2553,6211,74.5,17590,512,21.6,1006,142299,32.64,2.79,158
3784,1722,644,1418,108.0,1613,164,73.01,111,18503,73.32,1.06,147
20242,10908,2841,6493,97.0,10627,507,29.96,1369,122800,50.63,3.47,126
35689,22646,1279,11764,97.7,21528,1912,51.29,887,188991,52.56,3.11,171
14054,8467,1426,4161,87.5,8241,444,31.65,970,156659,47.21,2.0,146
59145,38628,2902,17615,96.3,36561,1556,59.58,947,358961,42.17,2.49,114
43627,24325,1984,17318,107.9,22788,1457,50.54,809,211393,60.76,1.77,174
2057,1098,333,626,101.0,989,69,28.04,305,25722,51.05,3.53,180
20332,8399,2784,9149,131.5,7651,222,67.17,425,152002,92.96,0.2,171
29121,16497,4153,8471,95.3,15378,1217,39.09,627,180231,46.61,3.48,138
38598,24169,513,13916,105.6,22718,1895,61.77,808,217976,52.68,3.02,139
25225,16099,0,10360,109.2,14599,395,95.0,1166,258517,71.85,0.89,147
17179,8971,3400,4808,84.1,8503,648,24.02,765,81590,41.99,3.04,171
8240,4625,816,2799,105.9,4358,363,32.93,475,39795,46.11,3.62,189
6960,3716,773,2471,98.8,3622,148,44.7,215,51396,60.53,3.25,165
22897,11448,3884,7565,100.6,11165,1028,53.24,1177,252338,60.33,1.98,168
10497,5498,400,4599,120.6,5014,319,38.78,605,54131,70.45,1.89,165
8598,5705,777,2116,79.2,5232,133,21.35,612,49250,27.57,3.29,114
7800,4914,489,2397,89.7,4539,154,48.41,391,85621,48.91,2.67,139
8587,4375,1569,2643,93.5,4214,408,39.87,403,58905,50.65,2.48,129
39107,23258,3995,11854,97.5,21686,1425,66.92,482,181109,54.98,1.6,155
64520,34800,4930,24790,110.4,31951,2274,50.55,1352,387489,75.8,0.93,144
10700,6319,967,3414,103.1,6091,406,50.59,521,75374,52.71,3.33,161
9079,4371,836,3872,124.2,3941,374,64.33,243,88105,77.06,1.11,165
40826,19643,7123,14060,96.6,17996,1000,70.82,1374,447589,62.41,1.71,133
6750,3892,994,1864,98.7,3675,239,5.0,1003,62979,48.53,2.56,118
3897,2325,302,1270,103.3,2100,222,44.7,426,45233,48.6,1.5,121
11507,7671,939,2897,89.4,6937,356,22.25,988,65122,39.54,2.06,119
19741,9141,1717,8883,120.7,8457,470,74.05,1191,210507,87.74,1.02,128
32133,19615,1292,11226,109.1,18638,1408,64.92,1189,335663,58.6,1.54,127
14235,8068,1417,4750,105.4,7777,377,57.25,656,104745,59.8,1.96,135
15455,7289,1443,6723,112.7,6920,477,79.02,990,146675,75.24,2.9,179
4078,2575,105,1398,103.5,2403,125,20.4,184,37357,56.07,1.26,138
19800,11740,2894,5166,91.5,11222,545,52.93,1018,177671,44.37,1.45,114
20181,13957,175,6049,93.1,12883,286,56.22,1300,173105,44.66,1.59,116
16206,7818,2592,5796,103.2,7194,557,67.81,1478,192178,66.92,2.76,154
14689,8757,1092,4840,94.1,8007,363,59.56,320,104812,50.95,2.61,132
4702,2823,559,1320,95.8,2604,146,65.45,120,28301,45.92,1.67,97
34194,16990,1817,15387,130.6,16191,1437,81.74,1260,291664,85.87,0.2,161
1830,1041,244,545,94.2,948,92,47.05,166,16295,50.07,2.86,154
19719,11055,1128,7536,106.4,10023,562,70.64,407,112509,59.48,2.54,180
16681,10492,470,5719,98.6,9616,633,51.57,887,169698,54.22,3.0,150
23215,12087,682,10446,120.5,11676,1010,80.81,1078,286779,81.12,0.98,167
39102,23892,3422,11788,96.4,22649,1406,63.05,566,189402,53.72,1.84,157
16601,8932,1530,6139,108.4,8396,640,61.25,647,93980,65.82,2.0,125
22285,12258,2144,7883,102.1,11957,1099,74.8,1289,156548,63.73,1.36,154
28893,17938,572,10383,98.1,16456,485,39.8,807,170595,50.66,2.13,166
37247,15730,4756,16761,118.0,15200,1207,76.93,674,245770,85.4,2.57,191
10973,5359,816,4798,119.6,4962,137,79.36,514,89507,83.19,0.2,161
39998,21386,5891,12721,106.3,19265,1358,70.18,801,328505,56.73,3.25,144
16305,10102,2487,3716,85.1,9474,566,27.63,1221,112635,29.05,3.44,138
12953,8199,2199,2555,72.9,7547,657,6.46,1145,66482,20.17,5.45,144
13193,6049,2590,4554,108.8,5886,529,70.86,918,121498,66.3,1.36,115
7356,3928,533,2895,115.0,3758,152,61.43,196,59773,63.54,1.78,175
25678,14762,2093,8823,106.9,14096,1257,49.84,973,153348,51.12,1.79,156
44786,25770,2481,16535,113.9,23705,1625,53.1,965,205033,57.21,2.13,170
8876,5300,645,2931,97.1,5120,106,60.77,620,65036,55.83,1.77,121
22567,13782,1228,7557,104.2,13216,867,59.71,1050,172456,47.57,2.58,138
50127,25416,8485,16226,105.3,24723,894,77.51,1330,515982,59.52,2.28,144
21220,11264,1669,8287,114.8,10590,238,66.72,591,143773,60.91,1.76,178
34677,14194,4879,15604,124.0,12964,636,56.74,1285,256746,83.94,0.93,168
11143,5014,1485,4644,114.7,4893,184,70.81,537,81810,80.49,1.51,179
34636,17506,3055,14075,121.2,17129,884,73.03,666,162850,79.42,0.59,128
15102,9415,692,4995,99.5,9169,806,31.48,645,97841,48.76,3.0,162
62453,29873,9870,22710,109.9,27453,1314,58.76,1213,321901,66.98,1.4,145
17559,7711,3682,6166,99.4,7259,409,35.3,766,164046,60.23,0.2,117
15391,8401,2447,4543,87.8,7659,368,57.62,814,93071,52.18,1.28,149
57160,32741,4439,19980,102.0,31338,1284,54.86,1441,446576,55.76,1.45,124
12150,6332,1124,4694,114.6,6072,429,36.45,656,91982,57.56,3.08,137
30997,22305,800,7892,80.3,21188,1926,50.19,1096,336213,38.42,2.98,161
14918,10003,836,4079,90.5,9638,953,18.78,687,116677,41.1,2.77,152
20692,10327,1929,8436,108.8,9589,730,63.59,1252,151855,66.95,3.2,184
3612,2036,510,1066,97.0,1896,140,26.69,298,43125,43.2,2.63,128
20885,11994,472,8419,116.1,11322,386,55.85,993,214687,64.0,0.85,146
6840,3195,567,3078,127.1,2906,147,72.75,177,53510,76.26,1.34,161
36411,24215,2892,9304,77.2,22145,1317,43.06,1142,180478,26.93,3.54,155
7539,3706,441,3392,121.8,3610,293,95.0,192,49429,87.71,1.02,138
2389,1299,338,752,98.9,1224,84,36.04,218,27338,52.68,2.66,124
41659,23599,4028,14032,94.7,21859,1391,84.16,1255,427821,60.53,1.47,119
11130,6857,1868,2405,77.3,6410,498,23.28,735,103391,32.34,3.79,125
17549,11601,436,5512,100.1,11241,525,15.49,778,130675,41.81,2.15,111
30202,17180,2524,10498,101.2,15787,1008,57.77,1417,328447,54.62,2.65,125
7176,4336,568,2272,93.3,4041,234,40.7,209,53994,43.32,3.14,164
9578,5022,790,3766,108.8,4749,233,68.4,357,68889,66.76,1.22,119
31090,19646,2525,8919,94.6,18494,1725,39.38,535,154221,46.03,4.9,153
13131,7199,2610,3322,86.2,6661,270,42.03,932,94688,41.98,3.04,113
62447,31089,6820,24538,105.2,30299,2053,62.22,1231,470312,64.57,1.92,156
24369,11706,3640,9023,111.1,11326,680,44.98,1096,228024,66.25,2.44,147
24513,13403,3188,7922,106.6,12565,426,73.2,809,219631,54.27,2.38,125
18785,10350,3095,5340,85.1,9631,456,49.2,288,95161,50.9,3.25,146
16984,9133,1504,6347,106.2,8905,384,89.09,383,172056,66.17,2.03,161
21580,11123,1969,8488,107.3,10828,264,66.91,777,158825,59.25,1.52,141
46017,31182,459,14376,91.0,29543,1844,68.03,672,250472,52.63,2.83,130
29938,15179,2773,11986,114.1,14712,1004,63.51,1192,227310,61.02,2.22,127
61900,32212,5158,24530,109.7,30695,743,77.09,1255,450175,65.24,1.74,178
36917,24494,3445,8978,89.4,22975,1246,56.33,788,228604,31.67,3.67,154
21923,12556,3086,6281,89.2,11362,1077,39.68,1434,120618,48.47,2.91,136
12426,6050,977,5399,113.8,5673,231,79.89,502,116166,73.04,0.77,136
22899,12450,2581,7868,103.7,11555,951,51.49,877,181610,60.81,1.44,113
10471,5399,1200,3872,100.0,5120,292,57.22,1153,126079,63.11,2.13,166
63712,33674,3444,26594,107.6,30460,3181,51.8,1389,307430,65.45,2.92,171
25232,12927,3981,8324,97.2,12088,786,48.76,1180,184586,59.39,2.15,130
61156,38357,5757,17042,84.9,37008,3677,49.87,1491,481991,49.54,2.64,117
18264,10793,1014,6457,101.3,10462,1041,55.91,1140,118002,64.13,2.46,173
22986,13703,1492,7791,94.7,12703,1047,44.65,1269,132473,48.81,0.88,143
42492,26229,2899,13364,96.9,25417,817,43.88,1219,280377,47.21,2.59,166
25185,13110,1127,10948,117.8,12812,1267,87.63,1031,174774,83.8,0.58,134
2932,1867,461,604,80.2,1803,58,17.25,334,24990,29.39,3.19,102
35657,17182,5332,13143,109.7,16815,675,56.58,909,164711,60.62,0.27,139
2562,1694,0,891,108.4,1581,75,39.42,218,17211,50.68,1.75,151
20211,11543,3563,5105,80.6,10768,880,24.63,1392,207109,38.89,2.42,121
33216,19974,1547,11695,98.0,18404,1090,60.87,1054,233565,60.85,1.17,149
10124,6701,182,3241,92.7,6193,569,43.86,869,73749,44.72,1.9,133
37606,19576,2495,15535,114.3,18795,1281,73.64,1136,217723,80.15,1.15,144
25336,14183,3975,7178,99.1,13274,620,72.21,938,161831,50.29,3.88,130
10771,5809,1100,3862,97.6,5603,472,46.0,563,109179,54.14,2.55,160
40262,21804,3162,15296,108.3,21134,1306,60.53,1175,208672,73.27,0.9,122
37534,17112,9195,11227,100.3,16290,1530,49.38,1481,185085,52.65,4.0,165
22518,13310,2264,6944,100.6,12588,1258,46.88,649,115502,46.96,3.04,128
26125,19076,1106,5943,81.3,18657,481,27.53,1115,124233,17.39,4.54,158
18399,11158,1708,5533,96.3,10128,280,37.41,770,98127,50.93,3.65,173
18500,9923,1967,6610,106.7,9702,484,52.69,329,108988,68.01,0.2,115
27003,14415,1117,11471,124.0,12987,449,77.5,1353,306876,84.15,0.2,165
23397,11480,2521,9396,114.4,10655,639,54.91,537,155830,61.65,2.09,145
28934,16267,3410,9257,102.2,15351,444,69.4,952,333238,53.14,3.29,158
37064,20191,5370,11503,103.2,18348,731,45.1,985,174265,47.08,2.43,143
49044,24027,7517,17500,108.3,21866,730,53.75,1087,266785,62.16,2.4,171
25282,11569,3732,9981,116.0,10477,842,57.15,1047,200651,63.16,2.6,170
50971,24017,6572,20382,112.3,21953,932,67.94,1335,411120,65.72,1.94,178
9544,5216,1021,3307,106.0,4933,250,45.78,639,87454,48.74,3.24,157
2713,1810,269,634,88.7,1769,101,21.69,148,28722,35.1,3.46,148
37586,24060,2818,10708,89.4,21860,1296,36.44,1235,295964,40.96,5.11,182
11513,6642,135,4736,117.7,6337,495,58.22,167,59042,72.11,0.39,122
33117,16050,7063,10004,98.2,14453,920,53.94,1459,332233,51.85,1.7,114
43347,24501,6956,11890,95.3,22659,1983,36.95,1246,324467,39.82,4.57,186
47581,25351,6100,16130,98.9,24420,1887,57.64,1028,234861,58.44,1.27,130
4011,2393,48,1570,111.9,2194,98,51.65,201,19347,57.88,1.65,176
19223,9658,1773,7792,117.9,9095,357,55.12,335,88023,66.66,1.52,131
25993,13561,3033,9399,96.4,13095,576,46.81,485,154577,50.68,2.23,122
4745,2583,589,1573,103.1,2527,126,59.19,229,38640,50.67,2.44,145
9297,5224,1161,2912,99.9,5073,444,59.5,496,55049,50.52,3.2,135
22372,13430,1641,7301,106.8,12630,443,48.97,655,197800,55.19,1.57,155
13624,7362,1146,5116,112.9,6935,264,49.69,818,77163,65.18,2.16,165
22620,13606,3124,5890,85.6,13189,1000,31.9,1195,134706,39.94,3.96,148
60881,31851,10061,18969,88.7,30880,2941,65.46,1267,403098,52.08,2.26,145
21868,10810,1218,9840,117.6,10275,685,70.89,545,105100,82.2,0.78,141
6206,3545,428,2233,97.6,3455,335,59.92,332,50731,52.93,1.84,136
14473,7848,889,5736,104.0,7066,416,81.57,422,117761,59.63,0.54,136
40915,21243,6832,12840,93.1,19596,1123,53.63,1147,224115,53.68,2.85,118
65663,43583,5462,16618,76.9,41811,981,29.57,1338,328089,30.27,3.44,149
57030,29283,3898,23849,122.3,27488,2688,60.02,1272,419191,69.11,2.02,133
24767,11452,3813,9502,115.6,10557,595,42.83,825,245958,56.63,3.04,165
3567,1926,545,1096,97.5,1872,148,20.95,716,41041,37.76,3.96,169
28184,14281,3223,10680,114.8,13553,465,61.77,1149,279290,57.29,2.51,157
14041,8444,1220,4377,97.4,8096,754,58.87,1328,145170,53.81,2.45,151
44725,26102,4086,14537,102.1,24995,733,43.29,816,223782,58.68,1.77,127
16292,9688,1069,5535,98.5,9043,228,41.69,930,130542,57.23,2.63,146
15510,9733,992,4785,94.7,9066,855,52.53,856,102814,46.41,2.69,142
42658,18521,5701,18436,112.3,17389,865,79.17,1196,286547,72.17,1.73,141
26199,15343,711,10145,105.8,14165,407,52.71,1341,183690,59.27,1.22,152
22772,13637,2902,6233,91.3,12296,729,30.91,1411,158044,34.25,3.81,140
7678,4836,754,2088,84.2,4669,262,27.22,325,53043,44.33,3.55,133
11242,7729,422,3091,95.7,6977,233,57.88,867,115523,42.32,3.33,144
26925,15688,2949,8288,93.8,14309,671,44.16,1305,308488,50.95,3.64,170
44024,24369,4499,15156,108.2,22970,1406,38.87,1253,259931,49.08,2.82,167
41511,24338,2451,14722,96.9,22956,584,61.43,1121,280042,57.07,2.27,129
47552,23743,7573,16236,100.7,22602,1049,41.46,1209,227256,54.03,2.11,130
4635,2409,820,1406,86.6,2265,144,34.02,313,22777,41.39,3.56,146
27570,18023,94,9453,95.6,17218,585,40.68,1406,155203,46.97,3.14,176
17387,8568,2360,6459,102.2,7746,511,39.56,845,81747,64.83,0.78,127
47385,24434,3712,19239,118.3,22697,1283,79.18,1428,310062,65.89,1.74,144
11313,7298,1322,2693,80.7,6774,390,55.97,767,75340,36.34,3.12,145
22673,12450,3047,7176,94.5,11922,334,41.65,502,121919,43.19,3.13,131
26078,14798,2281,8999,106.1,13503,1449,76.93,383,132325,49.25,2.32,146
79168,49542,0,30091,108.9,47659,3455,74.65,1345,457573,55.79,2.07,171
5145,2258,859,2028,111.2,2128,60,82.72,254,38469,76.51,1.04,156
46303,25091,4966,16246,102.7,24143,1269,75.2,1041,374587,58.02,3.26,151
61490,43171,1803,16516,88.8,40035,1535,63.78,847,300821,40.82,2.86,126
8197,4360,1239,2598,97.7,4255,229,60.0,214,52411,55.38,2.05,111
4406,2232,192,1982,129.5,2127,63,69.23,317,45149,95.0,0.2,150
